Design	CanDo number	PDB chain	PDB number	Base	Feature	Segment5'	Segment3'	SegmentLength	Segment5'Feature	Segment3'Feature
rT55_rsc_v2	1	A	1	G	scaf_scafEND5_0	1	16	16	scafEND5	stapSX
rT55_rsc_v2	2	A	2	G	scaf_none_0	1	16	16	scafEND5	stapSX
rT55_rsc_v2	3	A	3	G	scaf_none_0	1	16	16	scafEND5	stapSX
rT55_rsc_v2	4	A	4	C	scaf_none_0	1	16	16	scafEND5	stapSX
rT55_rsc_v2	5	A	5	C	scaf_none_0	1	16	16	scafEND5	stapSX
rT55_rsc_v2	6	A	6	T	scaf_none_0	1	16	16	scafEND5	stapSX
rT55_rsc_v2	7	A	7	A	scaf_none_0	1	16	16	scafEND5	stapSX
rT55_rsc_v2	8	A	8	G	scaf_none_0	1	16	16	scafEND5	stapSX
rT55_rsc_v2	9	A	9	T	scaf_none_0	1	16	16	scafEND5	stapSX
rT55_rsc_v2	10	A	10	G	scaf_none_0	1	16	16	scafEND5	stapSX
rT55_rsc_v2	11	A	11	A	scaf_none_0	1	16	16	scafEND5	stapSX
rT55_rsc_v2	12	A	12	G	scaf_none_0	1	16	16	scafEND5	stapSX
rT55_rsc_v2	13	A	13	T	scaf_none_0	1	16	16	scafEND5	stapSX
rT55_rsc_v2	14	A	14	G	scaf_none_0	1	16	16	scafEND5	stapSX
rT55_rsc_v2	15	A	15	C	scaf_none_0	1	16	16	scafEND5	stapSX
rT55_rsc_v2	16	A	16	A	scaf_stapSX_5	1	16	16	scafEND5	stapSX
rT55_rsc_v2	17	A	17	T	scaf_stapSXEND3_0	17	27	11	stapSXEND3	stapDX
rT55_rsc_v2	18	A	18	T	scaf_none_0	17	27	11	stapSXEND3	stapDX
rT55_rsc_v2	19	A	19	A	scaf_none_0	17	27	11	stapSXEND3	stapDX
rT55_rsc_v2	20	A	20	G	scaf_none_0	17	27	11	stapSXEND3	stapDX
rT55_rsc_v2	21	A	21	A	scaf_none_0	17	27	11	stapSXEND3	stapDX
rT55_rsc_v2	22	A	22	G	scaf_none_0	17	27	11	stapSXEND3	stapDX
rT55_rsc_v2	23	A	23	A	scaf_none_0	17	27	11	stapSXEND3	stapDX
rT55_rsc_v2	24	A	24	C	scaf_none_0	17	27	11	stapSXEND3	stapDX
rT55_rsc_v2	25	A	25	T	scaf_none_0	17	27	11	stapSXEND3	stapDX
rT55_rsc_v2	26	A	26	C	scaf_none_0	17	27	11	stapSXEND3	stapDX
rT55_rsc_v2	27	A	27	A	scaf_stapDX_5	17	27	11	stapSXEND3	stapDX
rT55_rsc_v2	28	A	28	A	scaf_stapDX_3	28	36	9	stapDX	vertex
rT55_rsc_v2	29	A	29	G	scaf_none_0	28	36	9	stapDX	vertex
rT55_rsc_v2	30	A	30	C	scaf_none_0	28	36	9	stapDX	vertex
rT55_rsc_v2	31	A	31	C	scaf_none_0	28	36	9	stapDX	vertex
rT55_rsc_v2	32	A	32	A	scaf_none_0	28	36	9	stapDX	vertex
rT55_rsc_v2	33	A	33	T	scaf_none_0	28	36	9	stapDX	vertex
rT55_rsc_v2	34	A	34	G	scaf_none_0	28	36	9	stapDX	vertex
rT55_rsc_v2	35	A	35	T	scaf_none_0	28	36	9	stapDX	vertex
rT55_rsc_v2	36	A	36	A	scaf_vertex_5	28	36	9	stapDX	vertex
rT55_rsc_v2	37	A	37	T	scaf_vertex_3	37	49	13	vertex	stapDX
rT55_rsc_v2	38	A	38	C	scaf_none_0	37	49	13	vertex	stapDX
rT55_rsc_v2	39	A	39	C	scaf_none_0	37	49	13	vertex	stapDX
rT55_rsc_v2	40	A	40	A	scaf_none_0	37	49	13	vertex	stapDX
rT55_rsc_v2	41	A	41	T	scaf_none_0	37	49	13	vertex	stapDX
rT55_rsc_v2	42	A	42	G	scaf_none_0	37	49	13	vertex	stapDX
rT55_rsc_v2	43	A	43	A	scaf_none_0	37	49	13	vertex	stapDX
rT55_rsc_v2	44	A	44	C	scaf_none_0	37	49	13	vertex	stapDX
rT55_rsc_v2	45	A	45	C	scaf_none_0	37	49	13	vertex	stapDX
rT55_rsc_v2	46	A	46	A	scaf_none_0	37	49	13	vertex	stapDX
rT55_rsc_v2	47	A	47	G	scaf_none_0	37	49	13	vertex	stapDX
rT55_rsc_v2	48	A	48	A	scaf_none_0	37	49	13	vertex	stapDX
rT55_rsc_v2	49	A	49	A	scaf_stapDX_5	37	49	13	vertex	stapDX
rT55_rsc_v2	50	A	50	G	scaf_stapDX_3	50	57	8	stapDX	stapEND5
rT55_rsc_v2	51	A	51	A	scaf_none_0	50	57	8	stapDX	stapEND5
rT55_rsc_v2	52	A	52	G	scaf_none_0	50	57	8	stapDX	stapEND5
rT55_rsc_v2	53	A	53	G	scaf_none_0	50	57	8	stapDX	stapEND5
rT55_rsc_v2	54	A	54	G	scaf_none_0	50	57	8	stapDX	stapEND5
rT55_rsc_v2	55	A	55	G	scaf_none_0	50	57	8	stapDX	stapEND5
rT55_rsc_v2	56	A	56	A	scaf_none_0	50	57	8	stapDX	stapEND5
rT55_rsc_v2	57	A	57	C	scaf_stapEND5_0	50	57	8	stapDX	stapEND5
rT55_rsc_v2	58	A	58	C	scaf_stapEND3_0	58	63	6	stapEND3	scafDX
rT55_rsc_v2	59	A	59	C	scaf_none_0	58	63	6	stapEND3	scafDX
rT55_rsc_v2	60	A	60	T	scaf_none_0	58	63	6	stapEND3	scafDX
rT55_rsc_v2	61	A	61	A	scaf_none_0	58	63	6	stapEND3	scafDX
rT55_rsc_v2	62	A	62	G	scaf_none_0	58	63	6	stapEND3	scafDX
rT55_rsc_v2	63	A	63	G	scaf_scafDX_5	58	63	6	stapEND3	scafDX
rT55_rsc_v2	64	A	64	C	scaf_scafDX_3	64	82	19	scafDX	stapDX
rT55_rsc_v2	65	A	65	C	scaf_none_0	64	82	19	scafDX	stapDX
rT55_rsc_v2	66	A	66	A	scaf_none_0	64	82	19	scafDX	stapDX
rT55_rsc_v2	67	A	67	A	scaf_none_0	64	82	19	scafDX	stapDX
rT55_rsc_v2	68	A	68	G	scaf_none_0	64	82	19	scafDX	stapDX
rT55_rsc_v2	69	A	69	G	scaf_none_0	64	82	19	scafDX	stapDX
rT55_rsc_v2	70	A	70	A	scaf_none_0	64	82	19	scafDX	stapDX
rT55_rsc_v2	71	A	71	C	scaf_none_0	64	82	19	scafDX	stapDX
rT55_rsc_v2	72	A	72	A	scaf_none_0	64	82	19	scafDX	stapDX
rT55_rsc_v2	73	A	73	T	scaf_none_0	64	82	19	scafDX	stapDX
rT55_rsc_v2	74	A	74	G	scaf_none_0	64	82	19	scafDX	stapDX
rT55_rsc_v2	75	A	75	A	scaf_none_0	64	82	19	scafDX	stapDX
rT55_rsc_v2	76	A	76	G	scaf_none_0	64	82	19	scafDX	stapDX
rT55_rsc_v2	77	A	77	G	scaf_none_0	64	82	19	scafDX	stapDX
rT55_rsc_v2	78	A	78	G	scaf_none_0	64	82	19	scafDX	stapDX
rT55_rsc_v2	79	A	79	G	scaf_none_0	64	82	19	scafDX	stapDX
rT55_rsc_v2	80	A	80	C	scaf_none_0	64	82	19	scafDX	stapDX
rT55_rsc_v2	81	A	81	T	scaf_none_0	64	82	19	scafDX	stapDX
rT55_rsc_v2	82	A	82	C	scaf_stapDX_5	64	82	19	scafDX	stapDX
rT55_rsc_v2	83	A	83	T	scaf_stapDX_3	83	91	9	stapDX	vertex
rT55_rsc_v2	84	A	84	A	scaf_none_0	83	91	9	stapDX	vertex
rT55_rsc_v2	85	A	85	T	scaf_none_0	83	91	9	stapDX	vertex
rT55_rsc_v2	86	A	86	G	scaf_none_0	83	91	9	stapDX	vertex
rT55_rsc_v2	87	A	87	C	scaf_none_0	83	91	9	stapDX	vertex
rT55_rsc_v2	88	A	88	A	scaf_none_0	83	91	9	stapDX	vertex
rT55_rsc_v2	89	A	89	C	scaf_none_0	83	91	9	stapDX	vertex
rT55_rsc_v2	90	A	90	T	scaf_none_0	83	91	9	stapDX	vertex
rT55_rsc_v2	91	A	91	A	scaf_vertex_5	83	91	9	stapDX	vertex
rT55_rsc_v2	92	A	92	A	scaf_vertex_3	92	104	13	vertex	stapSXEND5
rT55_rsc_v2	93	A	93	T	scaf_none_0	92	104	13	vertex	stapSXEND5
rT55_rsc_v2	94	A	94	G	scaf_none_0	92	104	13	vertex	stapSXEND5
rT55_rsc_v2	95	A	95	T	scaf_none_0	92	104	13	vertex	stapSXEND5
rT55_rsc_v2	96	A	96	C	scaf_none_0	92	104	13	vertex	stapSXEND5
rT55_rsc_v2	97	A	97	T	scaf_none_0	92	104	13	vertex	stapSXEND5
rT55_rsc_v2	98	A	98	A	scaf_none_0	92	104	13	vertex	stapSXEND5
rT55_rsc_v2	99	A	99	G	scaf_none_0	92	104	13	vertex	stapSXEND5
rT55_rsc_v2	100	A	100	T	scaf_none_0	92	104	13	vertex	stapSXEND5
rT55_rsc_v2	101	A	101	C	scaf_none_0	92	104	13	vertex	stapSXEND5
rT55_rsc_v2	102	A	102	A	scaf_none_0	92	104	13	vertex	stapSXEND5
rT55_rsc_v2	103	A	103	G	scaf_none_0	92	104	13	vertex	stapSXEND5
rT55_rsc_v2	104	A	104	G	scaf_stapSXEND5_0	92	104	13	vertex	stapSXEND5
rT55_rsc_v2	105	A	105	C	scaf_stapSX_3	105	112	8	stapSX	stapEND5
rT55_rsc_v2	106	A	106	C	scaf_none_0	105	112	8	stapSX	stapEND5
rT55_rsc_v2	107	A	107	T	scaf_none_0	105	112	8	stapSX	stapEND5
rT55_rsc_v2	108	A	108	T	scaf_none_0	105	112	8	stapSX	stapEND5
rT55_rsc_v2	109	A	109	C	scaf_none_0	105	112	8	stapSX	stapEND5
rT55_rsc_v2	110	A	110	A	scaf_none_0	105	112	8	stapSX	stapEND5
rT55_rsc_v2	111	A	111	C	scaf_none_0	105	112	8	stapSX	stapEND5
rT55_rsc_v2	112	A	112	C	scaf_stapEND5_0	105	112	8	stapSX	stapEND5
rT55_rsc_v2	113	A	113	C	scaf_stapEND3_0	113	118	6	stapEND3	scafDX
rT55_rsc_v2	114	A	114	T	scaf_none_0	113	118	6	stapEND3	scafDX
rT55_rsc_v2	115	A	115	A	scaf_none_0	113	118	6	stapEND3	scafDX
rT55_rsc_v2	116	A	116	G	scaf_none_0	113	118	6	stapEND3	scafDX
rT55_rsc_v2	117	A	117	T	scaf_none_0	113	118	6	stapEND3	scafDX
rT55_rsc_v2	118	A	118	C	scaf_scafDX_5	113	118	6	stapEND3	scafDX
rT55_rsc_v2	119	A	119	A	scaf_scafDX_3	119	137	19	scafDX	stapSX
rT55_rsc_v2	120	A	120	T	scaf_none_0	119	137	19	scafDX	stapSX
rT55_rsc_v2	121	A	121	C	scaf_none_0	119	137	19	scafDX	stapSX
rT55_rsc_v2	122	A	122	T	scaf_none_0	119	137	19	scafDX	stapSX
rT55_rsc_v2	123	A	123	C	scaf_none_0	119	137	19	scafDX	stapSX
rT55_rsc_v2	124	A	124	T	scaf_none_0	119	137	19	scafDX	stapSX
rT55_rsc_v2	125	A	125	A	scaf_none_0	119	137	19	scafDX	stapSX
rT55_rsc_v2	126	A	126	T	scaf_none_0	119	137	19	scafDX	stapSX
rT55_rsc_v2	127	A	127	G	scaf_none_0	119	137	19	scafDX	stapSX
rT55_rsc_v2	128	A	128	T	scaf_none_0	119	137	19	scafDX	stapSX
rT55_rsc_v2	129	A	129	G	scaf_none_0	119	137	19	scafDX	stapSX
rT55_rsc_v2	130	A	130	G	scaf_none_0	119	137	19	scafDX	stapSX
rT55_rsc_v2	131	A	131	A	scaf_none_0	119	137	19	scafDX	stapSX
rT55_rsc_v2	132	A	132	A	scaf_none_0	119	137	19	scafDX	stapSX
rT55_rsc_v2	133	A	133	T	scaf_none_0	119	137	19	scafDX	stapSX
rT55_rsc_v2	134	A	134	A	scaf_none_0	119	137	19	scafDX	stapSX
rT55_rsc_v2	135	A	135	C	scaf_none_0	119	137	19	scafDX	stapSX
rT55_rsc_v2	136	A	136	A	scaf_none_0	119	137	19	scafDX	stapSX
rT55_rsc_v2	137	A	137	A	scaf_stapSX_5	119	137	19	scafDX	stapSX
rT55_rsc_v2	138	A	138	T	scaf_stapSXEND3_0	138	146	9	stapSXEND3	vertex
rT55_rsc_v2	139	A	139	T	scaf_none_0	138	146	9	stapSXEND3	vertex
rT55_rsc_v2	140	A	140	G	scaf_none_0	138	146	9	stapSXEND3	vertex
rT55_rsc_v2	141	A	141	G	scaf_none_0	138	146	9	stapSXEND3	vertex
rT55_rsc_v2	142	A	142	G	scaf_none_0	138	146	9	stapSXEND3	vertex
rT55_rsc_v2	143	A	143	A	scaf_none_0	138	146	9	stapSXEND3	vertex
rT55_rsc_v2	144	A	144	T	scaf_none_0	138	146	9	stapSXEND3	vertex
rT55_rsc_v2	145	A	145	T	scaf_none_0	138	146	9	stapSXEND3	vertex
rT55_rsc_v2	146	A	146	C	scaf_vertex_5	138	146	9	stapSXEND3	vertex
rT55_rsc_v2	147	A	147	A	scaf_vertex_3	147	159	13	vertex	stapDX
rT55_rsc_v2	148	A	148	T	scaf_none_0	147	159	13	vertex	stapDX
rT55_rsc_v2	149	A	149	G	scaf_none_0	147	159	13	vertex	stapDX
rT55_rsc_v2	150	A	150	A	scaf_none_0	147	159	13	vertex	stapDX
rT55_rsc_v2	151	A	151	G	scaf_none_0	147	159	13	vertex	stapDX
rT55_rsc_v2	152	A	152	A	scaf_none_0	147	159	13	vertex	stapDX
rT55_rsc_v2	153	A	153	G	scaf_none_0	147	159	13	vertex	stapDX
rT55_rsc_v2	154	A	154	A	scaf_none_0	147	159	13	vertex	stapDX
rT55_rsc_v2	155	A	155	A	scaf_none_0	147	159	13	vertex	stapDX
rT55_rsc_v2	156	A	156	T	scaf_none_0	147	159	13	vertex	stapDX
rT55_rsc_v2	157	A	157	C	scaf_none_0	147	159	13	vertex	stapDX
rT55_rsc_v2	158	A	158	A	scaf_none_0	147	159	13	vertex	stapDX
rT55_rsc_v2	159	A	159	T	scaf_stapDX_5	147	159	13	vertex	stapDX
rT55_rsc_v2	160	A	160	G	scaf_stapDX_3	160	170	11	stapDX	stapSXEND5
rT55_rsc_v2	161	A	161	C	scaf_none_0	160	170	11	stapDX	stapSXEND5
rT55_rsc_v2	162	A	162	A	scaf_none_0	160	170	11	stapDX	stapSXEND5
rT55_rsc_v2	163	A	163	A	scaf_none_0	160	170	11	stapDX	stapSXEND5
rT55_rsc_v2	164	A	164	G	scaf_none_0	160	170	11	stapDX	stapSXEND5
rT55_rsc_v2	165	A	165	C	scaf_none_0	160	170	11	stapDX	stapSXEND5
rT55_rsc_v2	166	A	166	C	scaf_none_0	160	170	11	stapDX	stapSXEND5
rT55_rsc_v2	167	A	167	A	scaf_none_0	160	170	11	stapDX	stapSXEND5
rT55_rsc_v2	168	A	168	A	scaf_none_0	160	170	11	stapDX	stapSXEND5
rT55_rsc_v2	169	A	169	A	scaf_none_0	160	170	11	stapDX	stapSXEND5
rT55_rsc_v2	170	A	170	G	scaf_stapSXEND5_0	160	170	11	stapDX	stapSXEND5
rT55_rsc_v2	171	A	171	T	scaf_stapSX_3	171	181	11	stapSX	stapEND5
rT55_rsc_v2	172	A	172	C	scaf_none_0	171	181	11	stapSX	stapEND5
rT55_rsc_v2	173	A	173	A	scaf_none_0	171	181	11	stapSX	stapEND5
rT55_rsc_v2	174	A	174	G	scaf_none_0	171	181	11	stapSX	stapEND5
rT55_rsc_v2	175	A	175	C	scaf_none_0	171	181	11	stapSX	stapEND5
rT55_rsc_v2	176	A	176	A	scaf_none_0	171	181	11	stapSX	stapEND5
rT55_rsc_v2	177	A	177	G	scaf_none_0	171	181	11	stapSX	stapEND5
rT55_rsc_v2	178	A	178	G	scaf_none_0	171	181	11	stapSX	stapEND5
rT55_rsc_v2	179	A	179	T	scaf_none_0	171	181	11	stapSX	stapEND5
rT55_rsc_v2	180	A	180	A	scaf_none_0	171	181	11	stapSX	stapEND5
rT55_rsc_v2	181	A	181	G	scaf_stapEND5_0	171	181	11	stapSX	stapEND5
rT55_rsc_v2	182	A	182	C	scaf_stapEND3_0	182	192	11	stapEND3	stapDX
rT55_rsc_v2	183	A	183	C	scaf_none_0	182	192	11	stapEND3	stapDX
rT55_rsc_v2	184	A	184	T	scaf_none_0	182	192	11	stapEND3	stapDX
rT55_rsc_v2	185	A	185	T	scaf_none_0	182	192	11	stapEND3	stapDX
rT55_rsc_v2	186	A	186	A	scaf_none_0	182	192	11	stapEND3	stapDX
rT55_rsc_v2	187	A	187	T	scaf_none_0	182	192	11	stapEND3	stapDX
rT55_rsc_v2	188	A	188	T	scaf_none_0	182	192	11	stapEND3	stapDX
rT55_rsc_v2	189	A	189	T	scaf_none_0	182	192	11	stapEND3	stapDX
rT55_rsc_v2	190	A	190	G	scaf_none_0	182	192	11	stapEND3	stapDX
rT55_rsc_v2	191	A	191	A	scaf_none_0	182	192	11	stapEND3	stapDX
rT55_rsc_v2	192	A	192	T	scaf_stapDX_5	182	192	11	stapEND3	stapDX
rT55_rsc_v2	193	A	193	G	scaf_stapDX_3	193	201	9	stapDX	vertex
rT55_rsc_v2	194	A	194	G	scaf_none_0	193	201	9	stapDX	vertex
rT55_rsc_v2	195	A	195	A	scaf_none_0	193	201	9	stapDX	vertex
rT55_rsc_v2	196	A	196	G	scaf_none_0	193	201	9	stapDX	vertex
rT55_rsc_v2	197	A	197	T	scaf_none_0	193	201	9	stapDX	vertex
rT55_rsc_v2	198	A	198	T	scaf_none_0	193	201	9	stapDX	vertex
rT55_rsc_v2	199	A	199	A	scaf_none_0	193	201	9	stapDX	vertex
rT55_rsc_v2	200	A	200	A	scaf_none_0	193	201	9	stapDX	vertex
rT55_rsc_v2	201	A	201	C	scaf_vertex_5	193	201	9	stapDX	vertex
rT55_rsc_v2	202	A	202	C	scaf_vertex_3	202	214	13	vertex	stapDX
rT55_rsc_v2	203	A	203	A	scaf_none_0	202	214	13	vertex	stapDX
rT55_rsc_v2	204	A	204	A	scaf_none_0	202	214	13	vertex	stapDX
rT55_rsc_v2	205	A	205	C	scaf_none_0	202	214	13	vertex	stapDX
rT55_rsc_v2	206	A	206	A	scaf_none_0	202	214	13	vertex	stapDX
rT55_rsc_v2	207	A	207	G	scaf_none_0	202	214	13	vertex	stapDX
rT55_rsc_v2	208	A	208	C	scaf_none_0	202	214	13	vertex	stapDX
rT55_rsc_v2	209	A	209	C	scaf_none_0	202	214	13	vertex	stapDX
rT55_rsc_v2	210	A	210	A	scaf_none_0	202	214	13	vertex	stapDX
rT55_rsc_v2	211	A	211	A	scaf_none_0	202	214	13	vertex	stapDX
rT55_rsc_v2	212	A	212	A	scaf_none_0	202	214	13	vertex	stapDX
rT55_rsc_v2	213	A	213	T	scaf_none_0	202	214	13	vertex	stapDX
rT55_rsc_v2	214	A	214	T	scaf_stapDX_5	202	214	13	vertex	stapDX
rT55_rsc_v2	215	A	215	T	scaf_stapDX_3	215	236	22	stapDX	stapSX
rT55_rsc_v2	216	A	216	A	scaf_none_0	215	236	22	stapDX	stapSX
rT55_rsc_v2	217	A	217	T	scaf_none_0	215	236	22	stapDX	stapSX
rT55_rsc_v2	218	A	218	T	scaf_none_0	215	236	22	stapDX	stapSX
rT55_rsc_v2	219	A	219	G	scaf_none_0	215	236	22	stapDX	stapSX
rT55_rsc_v2	220	A	220	C	scaf_none_0	215	236	22	stapDX	stapSX
rT55_rsc_v2	221	A	221	C	scaf_none_0	215	236	22	stapDX	stapSX
rT55_rsc_v2	222	A	222	C	scaf_none_0	215	236	22	stapDX	stapSX
rT55_rsc_v2	223	A	223	A	scaf_none_0	215	236	22	stapDX	stapSX
rT55_rsc_v2	224	A	224	G	scaf_none_0	215	236	22	stapDX	stapSX
rT55_rsc_v2	225	A	225	A	scaf_none_0	215	236	22	stapDX	stapSX
rT55_rsc_v2	226	A	226	G	scaf_none_0	215	236	22	stapDX	stapSX
rT55_rsc_v2	227	A	227	C	scaf_none_0	215	236	22	stapDX	stapSX
rT55_rsc_v2	228	A	228	C	scaf_none_0	215	236	22	stapDX	stapSX
rT55_rsc_v2	229	A	229	C	scaf_none_0	215	236	22	stapDX	stapSX
rT55_rsc_v2	230	A	230	A	scaf_none_0	215	236	22	stapDX	stapSX
rT55_rsc_v2	231	A	231	T	scaf_none_0	215	236	22	stapDX	stapSX
rT55_rsc_v2	232	A	232	T	scaf_none_0	215	236	22	stapDX	stapSX
rT55_rsc_v2	233	A	233	A	scaf_none_0	215	236	22	stapDX	stapSX
rT55_rsc_v2	234	A	234	A	scaf_none_0	215	236	22	stapDX	stapSX
rT55_rsc_v2	235	A	235	C	scaf_none_0	215	236	22	stapDX	stapSX
rT55_rsc_v2	236	A	236	C	scaf_stapSX_5	215	236	22	stapDX	stapSX
rT55_rsc_v2	237	A	237	A	scaf_stapSXEND3_0	237	247	11	stapSXEND3	stapSX
rT55_rsc_v2	238	A	238	T	scaf_none_0	237	247	11	stapSXEND3	stapSX
rT55_rsc_v2	239	A	239	G	scaf_none_0	237	247	11	stapSXEND3	stapSX
rT55_rsc_v2	240	A	240	C	scaf_none_0	237	247	11	stapSXEND3	stapSX
rT55_rsc_v2	241	A	241	T	scaf_none_0	237	247	11	stapSXEND3	stapSX
rT55_rsc_v2	242	A	242	A	scaf_none_0	237	247	11	stapSXEND3	stapSX
rT55_rsc_v2	243	A	243	G	scaf_none_0	237	247	11	stapSXEND3	stapSX
rT55_rsc_v2	244	A	244	A	scaf_none_0	237	247	11	stapSXEND3	stapSX
rT55_rsc_v2	245	A	245	G	scaf_none_0	237	247	11	stapSXEND3	stapSX
rT55_rsc_v2	246	A	246	G	scaf_none_0	237	247	11	stapSXEND3	stapSX
rT55_rsc_v2	247	A	247	A	scaf_stapSX_5	237	247	11	stapSXEND3	stapSX
rT55_rsc_v2	248	A	248	G	scaf_stapSXEND3_0	248	256	9	stapSXEND3	vertex
rT55_rsc_v2	249	A	249	G	scaf_none_0	248	256	9	stapSXEND3	vertex
rT55_rsc_v2	250	A	250	G	scaf_none_0	248	256	9	stapSXEND3	vertex
rT55_rsc_v2	251	A	251	T	scaf_none_0	248	256	9	stapSXEND3	vertex
rT55_rsc_v2	252	A	252	T	scaf_none_0	248	256	9	stapSXEND3	vertex
rT55_rsc_v2	253	A	253	T	scaf_none_0	248	256	9	stapSXEND3	vertex
rT55_rsc_v2	254	A	254	C	scaf_none_0	248	256	9	stapSXEND3	vertex
rT55_rsc_v2	255	A	255	T	scaf_none_0	248	256	9	stapSXEND3	vertex
rT55_rsc_v2	256	A	256	C	scaf_vertex_5	248	256	9	stapSXEND3	vertex
rT55_rsc_v2	257	A	257	C	scaf_vertex_3	257	269	13	vertex	stapDX
rT55_rsc_v2	258	A	258	T	scaf_none_0	257	269	13	vertex	stapDX
rT55_rsc_v2	259	A	259	G	scaf_none_0	257	269	13	vertex	stapDX
rT55_rsc_v2	260	A	260	A	scaf_none_0	257	269	13	vertex	stapDX
rT55_rsc_v2	261	A	261	T	scaf_none_0	257	269	13	vertex	stapDX
rT55_rsc_v2	262	A	262	G	scaf_none_0	257	269	13	vertex	stapDX
rT55_rsc_v2	263	A	263	A	scaf_none_0	257	269	13	vertex	stapDX
rT55_rsc_v2	264	A	264	C	scaf_none_0	257	269	13	vertex	stapDX
rT55_rsc_v2	265	A	265	T	scaf_none_0	257	269	13	vertex	stapDX
rT55_rsc_v2	266	A	266	G	scaf_none_0	257	269	13	vertex	stapDX
rT55_rsc_v2	267	A	267	G	scaf_none_0	257	269	13	vertex	stapDX
rT55_rsc_v2	268	A	268	C	scaf_none_0	257	269	13	vertex	stapDX
rT55_rsc_v2	269	A	269	T	scaf_stapDX_5	257	269	13	vertex	stapDX
rT55_rsc_v2	270	A	270	C	scaf_stapDX_3	270	277	8	stapDX	stapEND5
rT55_rsc_v2	271	A	271	C	scaf_none_0	270	277	8	stapDX	stapEND5
rT55_rsc_v2	272	A	272	C	scaf_none_0	270	277	8	stapDX	stapEND5
rT55_rsc_v2	273	A	273	T	scaf_none_0	270	277	8	stapDX	stapEND5
rT55_rsc_v2	274	A	274	G	scaf_none_0	270	277	8	stapDX	stapEND5
rT55_rsc_v2	275	A	275	A	scaf_none_0	270	277	8	stapDX	stapEND5
rT55_rsc_v2	276	A	276	C	scaf_none_0	270	277	8	stapDX	stapEND5
rT55_rsc_v2	277	A	277	A	scaf_stapEND5_0	270	277	8	stapDX	stapEND5
rT55_rsc_v2	278	A	278	T	scaf_stapEND3_0	278	283	6	stapEND3	scafDX
rT55_rsc_v2	279	A	279	C	scaf_none_0	278	283	6	stapEND3	scafDX
rT55_rsc_v2	280	A	280	T	scaf_none_0	278	283	6	stapEND3	scafDX
rT55_rsc_v2	281	A	281	G	scaf_none_0	278	283	6	stapEND3	scafDX
rT55_rsc_v2	282	A	282	T	scaf_none_0	278	283	6	stapEND3	scafDX
rT55_rsc_v2	283	A	283	G	scaf_scafDX_5	278	283	6	stapEND3	scafDX
rT55_rsc_v2	284	A	284	T	scaf_scafDX_3	284	302	19	scafDX	stapDX
rT55_rsc_v2	285	A	285	C	scaf_none_0	284	302	19	scafDX	stapDX
rT55_rsc_v2	286	A	286	T	scaf_none_0	284	302	19	scafDX	stapDX
rT55_rsc_v2	287	A	287	G	scaf_none_0	284	302	19	scafDX	stapDX
rT55_rsc_v2	288	A	288	G	scaf_none_0	284	302	19	scafDX	stapDX
rT55_rsc_v2	289	A	289	G	scaf_none_0	284	302	19	scafDX	stapDX
rT55_rsc_v2	290	A	290	C	scaf_none_0	284	302	19	scafDX	stapDX
rT55_rsc_v2	291	A	291	C	scaf_none_0	284	302	19	scafDX	stapDX
rT55_rsc_v2	292	A	292	T	scaf_none_0	284	302	19	scafDX	stapDX
rT55_rsc_v2	293	A	293	C	scaf_none_0	284	302	19	scafDX	stapDX
rT55_rsc_v2	294	A	294	A	scaf_none_0	284	302	19	scafDX	stapDX
rT55_rsc_v2	295	A	295	A	scaf_none_0	284	302	19	scafDX	stapDX
rT55_rsc_v2	296	A	296	A	scaf_none_0	284	302	19	scafDX	stapDX
rT55_rsc_v2	297	A	297	T	scaf_none_0	284	302	19	scafDX	stapDX
rT55_rsc_v2	298	A	298	T	scaf_none_0	284	302	19	scafDX	stapDX
rT55_rsc_v2	299	A	299	G	scaf_none_0	284	302	19	scafDX	stapDX
rT55_rsc_v2	300	A	300	G	scaf_none_0	284	302	19	scafDX	stapDX
rT55_rsc_v2	301	A	301	T	scaf_none_0	284	302	19	scafDX	stapDX
rT55_rsc_v2	302	A	302	T	scaf_stapDX_5	284	302	19	scafDX	stapDX
rT55_rsc_v2	303	A	303	T	scaf_stapDX_3	303	311	9	stapDX	vertex
rT55_rsc_v2	304	A	304	G	scaf_none_0	303	311	9	stapDX	vertex
rT55_rsc_v2	305	A	305	A	scaf_none_0	303	311	9	stapDX	vertex
rT55_rsc_v2	306	A	306	A	scaf_none_0	303	311	9	stapDX	vertex
rT55_rsc_v2	307	A	307	G	scaf_none_0	303	311	9	stapDX	vertex
rT55_rsc_v2	308	A	308	C	scaf_none_0	303	311	9	stapDX	vertex
rT55_rsc_v2	309	A	309	T	scaf_none_0	303	311	9	stapDX	vertex
rT55_rsc_v2	310	A	310	G	scaf_none_0	303	311	9	stapDX	vertex
rT55_rsc_v2	311	A	311	A	scaf_vertex_5	303	311	9	stapDX	vertex
rT55_rsc_v2	312	A	312	T	scaf_vertex_3	312	324	13	vertex	stapDX
rT55_rsc_v2	313	A	313	G	scaf_none_0	312	324	13	vertex	stapDX
rT55_rsc_v2	314	A	314	G	scaf_none_0	312	324	13	vertex	stapDX
rT55_rsc_v2	315	A	315	G	scaf_none_0	312	324	13	vertex	stapDX
rT55_rsc_v2	316	A	316	C	scaf_none_0	312	324	13	vertex	stapDX
rT55_rsc_v2	317	A	317	T	scaf_none_0	312	324	13	vertex	stapDX
rT55_rsc_v2	318	A	318	A	scaf_none_0	312	324	13	vertex	stapDX
rT55_rsc_v2	319	A	319	T	scaf_none_0	312	324	13	vertex	stapDX
rT55_rsc_v2	320	A	320	G	scaf_none_0	312	324	13	vertex	stapDX
rT55_rsc_v2	321	A	321	C	scaf_none_0	312	324	13	vertex	stapDX
rT55_rsc_v2	322	A	322	A	scaf_none_0	312	324	13	vertex	stapDX
rT55_rsc_v2	323	A	323	T	scaf_none_0	312	324	13	vertex	stapDX
rT55_rsc_v2	324	A	324	A	scaf_stapDX_5	312	324	13	vertex	stapDX
rT55_rsc_v2	325	A	325	A	scaf_stapDX_3	325	332	8	stapDX	stapEND5
rT55_rsc_v2	326	A	326	T	scaf_none_0	325	332	8	stapDX	stapEND5
rT55_rsc_v2	327	A	327	C	scaf_none_0	325	332	8	stapDX	stapEND5
rT55_rsc_v2	328	A	328	C	scaf_none_0	325	332	8	stapDX	stapEND5
rT55_rsc_v2	329	A	329	C	scaf_none_0	325	332	8	stapDX	stapEND5
rT55_rsc_v2	330	A	330	A	scaf_none_0	325	332	8	stapDX	stapEND5
rT55_rsc_v2	331	A	331	T	scaf_none_0	325	332	8	stapDX	stapEND5
rT55_rsc_v2	332	A	332	C	scaf_stapEND5_0	325	332	8	stapDX	stapEND5
rT55_rsc_v2	333	A	333	A	scaf_stapEND3_0	333	338	6	stapEND3	scafDX
rT55_rsc_v2	334	A	334	C	scaf_none_0	333	338	6	stapEND3	scafDX
rT55_rsc_v2	335	A	335	T	scaf_none_0	333	338	6	stapEND3	scafDX
rT55_rsc_v2	336	A	336	A	scaf_none_0	333	338	6	stapEND3	scafDX
rT55_rsc_v2	337	A	337	A	scaf_none_0	333	338	6	stapEND3	scafDX
rT55_rsc_v2	338	A	338	G	scaf_scafDX_5	333	338	6	stapEND3	scafDX
rT55_rsc_v2	339	A	339	A	scaf_scafDX_3	339	357	19	scafDX	stapDX
rT55_rsc_v2	340	A	340	C	scaf_none_0	339	357	19	scafDX	stapDX
rT55_rsc_v2	341	A	341	C	scaf_none_0	339	357	19	scafDX	stapDX
rT55_rsc_v2	342	A	342	T	scaf_none_0	339	357	19	scafDX	stapDX
rT55_rsc_v2	343	A	343	T	scaf_none_0	339	357	19	scafDX	stapDX
rT55_rsc_v2	344	A	344	G	scaf_none_0	339	357	19	scafDX	stapDX
rT55_rsc_v2	345	A	345	G	scaf_none_0	339	357	19	scafDX	stapDX
rT55_rsc_v2	346	A	346	T	scaf_none_0	339	357	19	scafDX	stapDX
rT55_rsc_v2	347	A	347	C	scaf_none_0	339	357	19	scafDX	stapDX
rT55_rsc_v2	348	A	348	T	scaf_none_0	339	357	19	scafDX	stapDX
rT55_rsc_v2	349	A	349	T	scaf_none_0	339	357	19	scafDX	stapDX
rT55_rsc_v2	350	A	350	G	scaf_none_0	339	357	19	scafDX	stapDX
rT55_rsc_v2	351	A	351	C	scaf_none_0	339	357	19	scafDX	stapDX
rT55_rsc_v2	352	A	352	T	scaf_none_0	339	357	19	scafDX	stapDX
rT55_rsc_v2	353	A	353	T	scaf_none_0	339	357	19	scafDX	stapDX
rT55_rsc_v2	354	A	354	G	scaf_none_0	339	357	19	scafDX	stapDX
rT55_rsc_v2	355	A	355	C	scaf_none_0	339	357	19	scafDX	stapDX
rT55_rsc_v2	356	A	356	T	scaf_none_0	339	357	19	scafDX	stapDX
rT55_rsc_v2	357	A	357	A	scaf_stapDX_5	339	357	19	scafDX	stapDX
rT55_rsc_v2	358	A	358	G	scaf_stapDX_3	358	366	9	stapDX	vertex
rT55_rsc_v2	359	A	359	A	scaf_none_0	358	366	9	stapDX	vertex
rT55_rsc_v2	360	A	360	A	scaf_none_0	358	366	9	stapDX	vertex
rT55_rsc_v2	361	A	361	C	scaf_none_0	358	366	9	stapDX	vertex
rT55_rsc_v2	362	A	362	T	scaf_none_0	358	366	9	stapDX	vertex
rT55_rsc_v2	363	A	363	T	scaf_none_0	358	366	9	stapDX	vertex
rT55_rsc_v2	364	A	364	T	scaf_none_0	358	366	9	stapDX	vertex
rT55_rsc_v2	365	A	365	T	scaf_none_0	358	366	9	stapDX	vertex
rT55_rsc_v2	366	A	366	C	scaf_vertex_5	358	366	9	stapDX	vertex
rT55_rsc_v2	367	A	367	A	scaf_vertex_3	367	379	13	vertex	stapSXEND5
rT55_rsc_v2	368	A	368	T	scaf_none_0	367	379	13	vertex	stapSXEND5
rT55_rsc_v2	369	A	369	T	scaf_none_0	367	379	13	vertex	stapSXEND5
rT55_rsc_v2	370	A	370	A	scaf_none_0	367	379	13	vertex	stapSXEND5
rT55_rsc_v2	371	A	371	C	scaf_none_0	367	379	13	vertex	stapSXEND5
rT55_rsc_v2	372	A	372	A	scaf_none_0	367	379	13	vertex	stapSXEND5
rT55_rsc_v2	373	A	373	C	scaf_none_0	367	379	13	vertex	stapSXEND5
rT55_rsc_v2	374	A	374	C	scaf_none_0	367	379	13	vertex	stapSXEND5
rT55_rsc_v2	375	A	375	A	scaf_none_0	367	379	13	vertex	stapSXEND5
rT55_rsc_v2	376	A	376	C	scaf_none_0	367	379	13	vertex	stapSXEND5
rT55_rsc_v2	377	A	377	T	scaf_none_0	367	379	13	vertex	stapSXEND5
rT55_rsc_v2	378	A	378	A	scaf_none_0	367	379	13	vertex	stapSXEND5
rT55_rsc_v2	379	A	379	G	scaf_stapSXEND5_0	367	379	13	vertex	stapSXEND5
rT55_rsc_v2	380	A	380	C	scaf_stapSX_3	380	390	11	stapSX	stapSXEND5
rT55_rsc_v2	381	A	381	T	scaf_none_0	380	390	11	stapSX	stapSXEND5
rT55_rsc_v2	382	A	382	G	scaf_none_0	380	390	11	stapSX	stapSXEND5
rT55_rsc_v2	383	A	383	A	scaf_none_0	380	390	11	stapSX	stapSXEND5
rT55_rsc_v2	384	A	384	A	scaf_none_0	380	390	11	stapSX	stapSXEND5
rT55_rsc_v2	385	A	385	G	scaf_none_0	380	390	11	stapSX	stapSXEND5
rT55_rsc_v2	386	A	386	T	scaf_none_0	380	390	11	stapSX	stapSXEND5
rT55_rsc_v2	387	A	387	T	scaf_none_0	380	390	11	stapSX	stapSXEND5
rT55_rsc_v2	388	A	388	T	scaf_none_0	380	390	11	stapSX	stapSXEND5
rT55_rsc_v2	389	A	389	G	scaf_none_0	380	390	11	stapSX	stapSXEND5
rT55_rsc_v2	390	A	390	T	scaf_stapSXEND5_0	380	390	11	stapSX	stapSXEND5
rT55_rsc_v2	391	A	391	T	scaf_stapSX_3	391	401	11	stapSX	stapEND5
rT55_rsc_v2	392	A	392	A	scaf_none_0	391	401	11	stapSX	stapEND5
rT55_rsc_v2	393	A	393	T	scaf_none_0	391	401	11	stapSX	stapEND5
rT55_rsc_v2	394	A	394	G	scaf_none_0	391	401	11	stapSX	stapEND5
rT55_rsc_v2	395	A	395	A	scaf_none_0	391	401	11	stapSX	stapEND5
rT55_rsc_v2	396	A	396	C	scaf_none_0	391	401	11	stapSX	stapEND5
rT55_rsc_v2	397	A	397	T	scaf_none_0	391	401	11	stapSX	stapEND5
rT55_rsc_v2	398	A	398	G	scaf_none_0	391	401	11	stapSX	stapEND5
rT55_rsc_v2	399	A	399	C	scaf_none_0	391	401	11	stapSX	stapEND5
rT55_rsc_v2	400	A	400	C	scaf_none_0	391	401	11	stapSX	stapEND5
rT55_rsc_v2	401	A	401	C	scaf_stapEND5_0	391	401	11	stapSX	stapEND5
rT55_rsc_v2	402	A	402	C	scaf_stapEND3_0	402	412	11	stapEND3	stapDX
rT55_rsc_v2	403	A	403	T	scaf_none_0	402	412	11	stapEND3	stapDX
rT55_rsc_v2	404	A	404	A	scaf_none_0	402	412	11	stapEND3	stapDX
rT55_rsc_v2	405	A	405	A	scaf_none_0	402	412	11	stapEND3	stapDX
rT55_rsc_v2	406	A	406	T	scaf_none_0	402	412	11	stapEND3	stapDX
rT55_rsc_v2	407	A	407	G	scaf_none_0	402	412	11	stapEND3	stapDX
rT55_rsc_v2	408	A	408	G	scaf_none_0	402	412	11	stapEND3	stapDX
rT55_rsc_v2	409	A	409	C	scaf_none_0	402	412	11	stapEND3	stapDX
rT55_rsc_v2	410	A	410	A	scaf_none_0	402	412	11	stapEND3	stapDX
rT55_rsc_v2	411	A	411	G	scaf_none_0	402	412	11	stapEND3	stapDX
rT55_rsc_v2	412	A	412	G	scaf_stapDX_5	402	412	11	stapEND3	stapDX
rT55_rsc_v2	413	A	413	C	scaf_stapDX_3	413	421	9	stapDX	vertex
rT55_rsc_v2	414	A	414	T	scaf_none_0	413	421	9	stapDX	vertex
rT55_rsc_v2	415	A	415	C	scaf_none_0	413	421	9	stapDX	vertex
rT55_rsc_v2	416	A	416	C	scaf_none_0	413	421	9	stapDX	vertex
rT55_rsc_v2	417	A	417	T	scaf_none_0	413	421	9	stapDX	vertex
rT55_rsc_v2	418	A	418	C	scaf_none_0	413	421	9	stapDX	vertex
rT55_rsc_v2	419	A	419	A	scaf_none_0	413	421	9	stapDX	vertex
rT55_rsc_v2	420	A	420	G	scaf_none_0	413	421	9	stapDX	vertex
rT55_rsc_v2	421	A	421	G	scaf_vertex_5	413	421	9	stapDX	vertex
rT55_rsc_v2	422	A	422	G	scaf_vertex_3	422	434	13	vertex	stapSXEND5
rT55_rsc_v2	423	A	423	A	scaf_none_0	422	434	13	vertex	stapSXEND5
rT55_rsc_v2	424	A	424	C	scaf_none_0	422	434	13	vertex	stapSXEND5
rT55_rsc_v2	425	A	425	A	scaf_none_0	422	434	13	vertex	stapSXEND5
rT55_rsc_v2	426	A	426	G	scaf_none_0	422	434	13	vertex	stapSXEND5
rT55_rsc_v2	427	A	427	A	scaf_none_0	422	434	13	vertex	stapSXEND5
rT55_rsc_v2	428	A	428	A	scaf_none_0	422	434	13	vertex	stapSXEND5
rT55_rsc_v2	429	A	429	G	scaf_none_0	422	434	13	vertex	stapSXEND5
rT55_rsc_v2	430	A	430	G	scaf_none_0	422	434	13	vertex	stapSXEND5
rT55_rsc_v2	431	A	431	A	scaf_none_0	422	434	13	vertex	stapSXEND5
rT55_rsc_v2	432	A	432	A	scaf_none_0	422	434	13	vertex	stapSXEND5
rT55_rsc_v2	433	A	433	C	scaf_none_0	422	434	13	vertex	stapSXEND5
rT55_rsc_v2	434	A	434	T	scaf_stapSXEND5_0	422	434	13	vertex	stapSXEND5
rT55_rsc_v2	435	A	435	G	scaf_stapSX_3	435	456	22	stapSX	stapSX
rT55_rsc_v2	436	A	436	G	scaf_none_0	435	456	22	stapSX	stapSX
rT55_rsc_v2	437	A	437	C	scaf_none_0	435	456	22	stapSX	stapSX
rT55_rsc_v2	438	A	438	C	scaf_none_0	435	456	22	stapSX	stapSX
rT55_rsc_v2	439	A	439	A	scaf_none_0	435	456	22	stapSX	stapSX
rT55_rsc_v2	440	A	440	A	scaf_none_0	435	456	22	stapSX	stapSX
rT55_rsc_v2	441	A	441	C	scaf_none_0	435	456	22	stapSX	stapSX
rT55_rsc_v2	442	A	442	C	scaf_none_0	435	456	22	stapSX	stapSX
rT55_rsc_v2	443	A	443	C	scaf_none_0	435	456	22	stapSX	stapSX
rT55_rsc_v2	444	A	444	C	scaf_none_0	435	456	22	stapSX	stapSX
rT55_rsc_v2	445	A	445	A	scaf_none_0	435	456	22	stapSX	stapSX
rT55_rsc_v2	446	A	446	T	scaf_none_0	435	456	22	stapSX	stapSX
rT55_rsc_v2	447	A	447	A	scaf_none_0	435	456	22	stapSX	stapSX
rT55_rsc_v2	448	A	448	T	scaf_none_0	435	456	22	stapSX	stapSX
rT55_rsc_v2	449	A	449	C	scaf_none_0	435	456	22	stapSX	stapSX
rT55_rsc_v2	450	A	450	T	scaf_none_0	435	456	22	stapSX	stapSX
rT55_rsc_v2	451	A	451	A	scaf_none_0	435	456	22	stapSX	stapSX
rT55_rsc_v2	452	A	452	A	scaf_none_0	435	456	22	stapSX	stapSX
rT55_rsc_v2	453	A	453	T	scaf_none_0	435	456	22	stapSX	stapSX
rT55_rsc_v2	454	A	454	G	scaf_none_0	435	456	22	stapSX	stapSX
rT55_rsc_v2	455	A	455	T	scaf_none_0	435	456	22	stapSX	stapSX
rT55_rsc_v2	456	A	456	T	scaf_stapSX_5	435	456	22	stapSX	stapSX
rT55_rsc_v2	457	A	457	G	scaf_stapSXEND3_0	457	467	11	stapSXEND3	stapDX
rT55_rsc_v2	458	A	458	T	scaf_none_0	457	467	11	stapSXEND3	stapDX
rT55_rsc_v2	459	A	459	T	scaf_none_0	457	467	11	stapSXEND3	stapDX
rT55_rsc_v2	460	A	460	G	scaf_none_0	457	467	11	stapSXEND3	stapDX
rT55_rsc_v2	461	A	461	G	scaf_none_0	457	467	11	stapSXEND3	stapDX
rT55_rsc_v2	462	A	462	G	scaf_none_0	457	467	11	stapSXEND3	stapDX
rT55_rsc_v2	463	A	463	C	scaf_none_0	457	467	11	stapSXEND3	stapDX
rT55_rsc_v2	464	A	464	T	scaf_none_0	457	467	11	stapSXEND3	stapDX
rT55_rsc_v2	465	A	465	T	scaf_none_0	457	467	11	stapSXEND3	stapDX
rT55_rsc_v2	466	A	466	G	scaf_none_0	457	467	11	stapSXEND3	stapDX
rT55_rsc_v2	467	A	467	C	scaf_stapDX_5	457	467	11	stapSXEND3	stapDX
rT55_rsc_v2	468	A	468	T	scaf_stapDX_3	468	476	9	stapDX	vertex
rT55_rsc_v2	469	A	469	G	scaf_none_0	468	476	9	stapDX	vertex
rT55_rsc_v2	470	A	470	T	scaf_none_0	468	476	9	stapDX	vertex
rT55_rsc_v2	471	A	471	A	scaf_none_0	468	476	9	stapDX	vertex
rT55_rsc_v2	472	A	472	G	scaf_none_0	468	476	9	stapDX	vertex
rT55_rsc_v2	473	A	473	G	scaf_none_0	468	476	9	stapDX	vertex
rT55_rsc_v2	474	A	474	G	scaf_none_0	468	476	9	stapDX	vertex
rT55_rsc_v2	475	A	475	T	scaf_none_0	468	476	9	stapDX	vertex
rT55_rsc_v2	476	A	476	A	scaf_vertex_5	468	476	9	stapDX	vertex
rT55_rsc_v2	477	A	477	C	scaf_vertex_3	477	489	13	vertex	stapDX
rT55_rsc_v2	478	A	478	C	scaf_none_0	477	489	13	vertex	stapDX
rT55_rsc_v2	479	A	479	C	scaf_none_0	477	489	13	vertex	stapDX
rT55_rsc_v2	480	A	480	A	scaf_none_0	477	489	13	vertex	stapDX
rT55_rsc_v2	481	A	481	T	scaf_none_0	477	489	13	vertex	stapDX
rT55_rsc_v2	482	A	482	C	scaf_none_0	477	489	13	vertex	stapDX
rT55_rsc_v2	483	A	483	T	scaf_none_0	477	489	13	vertex	stapDX
rT55_rsc_v2	484	A	484	A	scaf_none_0	477	489	13	vertex	stapDX
rT55_rsc_v2	485	A	485	T	scaf_none_0	477	489	13	vertex	stapDX
rT55_rsc_v2	486	A	486	G	scaf_none_0	477	489	13	vertex	stapDX
rT55_rsc_v2	487	A	487	A	scaf_none_0	477	489	13	vertex	stapDX
rT55_rsc_v2	488	A	488	G	scaf_none_0	477	489	13	vertex	stapDX
rT55_rsc_v2	489	A	489	G	scaf_stapDX_5	477	489	13	vertex	stapDX
rT55_rsc_v2	490	A	490	A	scaf_stapDX_3	490	497	8	stapDX	stapEND5
rT55_rsc_v2	491	A	491	G	scaf_none_0	490	497	8	stapDX	stapEND5
rT55_rsc_v2	492	A	492	G	scaf_none_0	490	497	8	stapDX	stapEND5
rT55_rsc_v2	493	A	493	C	scaf_none_0	490	497	8	stapDX	stapEND5
rT55_rsc_v2	494	A	494	T	scaf_none_0	490	497	8	stapDX	stapEND5
rT55_rsc_v2	495	A	495	T	scaf_none_0	490	497	8	stapDX	stapEND5
rT55_rsc_v2	496	A	496	G	scaf_none_0	490	497	8	stapDX	stapEND5
rT55_rsc_v2	497	A	497	T	scaf_stapEND5_0	490	497	8	stapDX	stapEND5
rT55_rsc_v2	498	A	498	A	scaf_stapEND3_0	498	503	6	stapEND3	scafDX
rT55_rsc_v2	499	A	499	A	scaf_none_0	498	503	6	stapEND3	scafDX
rT55_rsc_v2	500	A	500	C	scaf_none_0	498	503	6	stapEND3	scafDX
rT55_rsc_v2	501	A	501	T	scaf_none_0	498	503	6	stapEND3	scafDX
rT55_rsc_v2	502	A	502	G	scaf_none_0	498	503	6	stapEND3	scafDX
rT55_rsc_v2	503	A	503	T	scaf_scafDX_5	498	503	6	stapEND3	scafDX
rT55_rsc_v2	504	A	504	G	scaf_scafDX_3	504	522	19	scafDX	stapDX
rT55_rsc_v2	505	A	505	A	scaf_none_0	504	522	19	scafDX	stapDX
rT55_rsc_v2	506	A	506	T	scaf_none_0	504	522	19	scafDX	stapDX
rT55_rsc_v2	507	A	507	G	scaf_none_0	504	522	19	scafDX	stapDX
rT55_rsc_v2	508	A	508	C	scaf_none_0	504	522	19	scafDX	stapDX
rT55_rsc_v2	509	A	509	T	scaf_none_0	504	522	19	scafDX	stapDX
rT55_rsc_v2	510	A	510	C	scaf_none_0	504	522	19	scafDX	stapDX
rT55_rsc_v2	511	A	511	C	scaf_none_0	504	522	19	scafDX	stapDX
rT55_rsc_v2	512	A	512	C	scaf_none_0	504	522	19	scafDX	stapDX
rT55_rsc_v2	513	A	513	T	scaf_none_0	504	522	19	scafDX	stapDX
rT55_rsc_v2	514	A	514	T	scaf_none_0	504	522	19	scafDX	stapDX
rT55_rsc_v2	515	A	515	A	scaf_none_0	504	522	19	scafDX	stapDX
rT55_rsc_v2	516	A	516	G	scaf_none_0	504	522	19	scafDX	stapDX
rT55_rsc_v2	517	A	517	C	scaf_none_0	504	522	19	scafDX	stapDX
rT55_rsc_v2	518	A	518	T	scaf_none_0	504	522	19	scafDX	stapDX
rT55_rsc_v2	519	A	519	A	scaf_none_0	504	522	19	scafDX	stapDX
rT55_rsc_v2	520	A	520	C	scaf_none_0	504	522	19	scafDX	stapDX
rT55_rsc_v2	521	A	521	T	scaf_none_0	504	522	19	scafDX	stapDX
rT55_rsc_v2	522	A	522	T	scaf_stapDX_5	504	522	19	scafDX	stapDX
rT55_rsc_v2	523	A	523	T	scaf_stapDX_3	523	531	9	stapDX	vertex
rT55_rsc_v2	524	A	524	T	scaf_none_0	523	531	9	stapDX	vertex
rT55_rsc_v2	525	A	525	G	scaf_none_0	523	531	9	stapDX	vertex
rT55_rsc_v2	526	A	526	A	scaf_none_0	523	531	9	stapDX	vertex
rT55_rsc_v2	527	A	527	T	scaf_none_0	523	531	9	stapDX	vertex
rT55_rsc_v2	528	A	528	G	scaf_none_0	523	531	9	stapDX	vertex
rT55_rsc_v2	529	A	529	T	scaf_none_0	523	531	9	stapDX	vertex
rT55_rsc_v2	530	A	530	A	scaf_none_0	523	531	9	stapDX	vertex
rT55_rsc_v2	531	A	531	T	scaf_vertex_5	523	531	9	stapDX	vertex
rT55_rsc_v2	532	A	532	A	scaf_vertex_3	532	544	13	vertex	stapSXEND5
rT55_rsc_v2	533	A	533	T	scaf_none_0	532	544	13	vertex	stapSXEND5
rT55_rsc_v2	534	A	534	G	scaf_none_0	532	544	13	vertex	stapSXEND5
rT55_rsc_v2	535	A	535	C	scaf_none_0	532	544	13	vertex	stapSXEND5
rT55_rsc_v2	536	A	536	A	scaf_none_0	532	544	13	vertex	stapSXEND5
rT55_rsc_v2	537	A	537	C	scaf_none_0	532	544	13	vertex	stapSXEND5
rT55_rsc_v2	538	A	538	A	scaf_none_0	532	544	13	vertex	stapSXEND5
rT55_rsc_v2	539	A	539	G	scaf_none_0	532	544	13	vertex	stapSXEND5
rT55_rsc_v2	540	A	540	T	scaf_none_0	532	544	13	vertex	stapSXEND5
rT55_rsc_v2	541	A	541	G	scaf_none_0	532	544	13	vertex	stapSXEND5
rT55_rsc_v2	542	A	542	T	scaf_none_0	532	544	13	vertex	stapSXEND5
rT55_rsc_v2	543	A	543	T	scaf_none_0	532	544	13	vertex	stapSXEND5
rT55_rsc_v2	544	A	544	G	scaf_stapSXEND5_0	532	544	13	vertex	stapSXEND5
rT55_rsc_v2	545	A	545	G	scaf_stapSX_3	545	552	8	stapSX	stapEND5
rT55_rsc_v2	546	A	546	C	scaf_none_0	545	552	8	stapSX	stapEND5
rT55_rsc_v2	547	A	547	A	scaf_none_0	545	552	8	stapSX	stapEND5
rT55_rsc_v2	548	A	548	G	scaf_none_0	545	552	8	stapSX	stapEND5
rT55_rsc_v2	549	A	549	T	scaf_none_0	545	552	8	stapSX	stapEND5
rT55_rsc_v2	550	A	550	G	scaf_none_0	545	552	8	stapSX	stapEND5
rT55_rsc_v2	551	A	551	G	scaf_none_0	545	552	8	stapSX	stapEND5
rT55_rsc_v2	552	A	552	A	scaf_stapEND5_0	545	552	8	stapSX	stapEND5
rT55_rsc_v2	553	A	553	C	scaf_stapEND3_0	553	558	6	stapEND3	scafDX
rT55_rsc_v2	554	A	554	C	scaf_none_0	553	558	6	stapEND3	scafDX
rT55_rsc_v2	555	A	555	T	scaf_none_0	553	558	6	stapEND3	scafDX
rT55_rsc_v2	556	A	556	T	scaf_none_0	553	558	6	stapEND3	scafDX
rT55_rsc_v2	557	A	557	G	scaf_none_0	553	558	6	stapEND3	scafDX
rT55_rsc_v2	558	A	558	C	scaf_scafDX_5	553	558	6	stapEND3	scafDX
rT55_rsc_v2	559	A	559	T	scaf_scafDX_3	559	577	19	scafDX	stapSX
rT55_rsc_v2	560	A	560	C	scaf_none_0	559	577	19	scafDX	stapSX
rT55_rsc_v2	561	A	561	C	scaf_none_0	559	577	19	scafDX	stapSX
rT55_rsc_v2	562	A	562	A	scaf_none_0	559	577	19	scafDX	stapSX
rT55_rsc_v2	563	A	563	T	scaf_none_0	559	577	19	scafDX	stapSX
rT55_rsc_v2	564	A	564	G	scaf_none_0	559	577	19	scafDX	stapSX
rT55_rsc_v2	565	A	565	C	scaf_none_0	559	577	19	scafDX	stapSX
rT55_rsc_v2	566	A	566	A	scaf_none_0	559	577	19	scafDX	stapSX
rT55_rsc_v2	567	A	567	A	scaf_none_0	559	577	19	scafDX	stapSX
rT55_rsc_v2	568	A	568	T	scaf_none_0	559	577	19	scafDX	stapSX
rT55_rsc_v2	569	A	569	T	scaf_none_0	559	577	19	scafDX	stapSX
rT55_rsc_v2	570	A	570	C	scaf_none_0	559	577	19	scafDX	stapSX
rT55_rsc_v2	571	A	571	A	scaf_none_0	559	577	19	scafDX	stapSX
rT55_rsc_v2	572	A	572	T	scaf_none_0	559	577	19	scafDX	stapSX
rT55_rsc_v2	573	A	573	A	scaf_none_0	559	577	19	scafDX	stapSX
rT55_rsc_v2	574	A	574	T	scaf_none_0	559	577	19	scafDX	stapSX
rT55_rsc_v2	575	A	575	G	scaf_none_0	559	577	19	scafDX	stapSX
rT55_rsc_v2	576	A	576	G	scaf_none_0	559	577	19	scafDX	stapSX
rT55_rsc_v2	577	A	577	C	scaf_stapSX_5	559	577	19	scafDX	stapSX
rT55_rsc_v2	578	A	578	T	scaf_stapSXEND3_0	578	586	9	stapSXEND3	vertex
rT55_rsc_v2	579	A	579	A	scaf_none_0	578	586	9	stapSXEND3	vertex
rT55_rsc_v2	580	A	580	T	scaf_none_0	578	586	9	stapSXEND3	vertex
rT55_rsc_v2	581	A	581	C	scaf_none_0	578	586	9	stapSXEND3	vertex
rT55_rsc_v2	582	A	582	T	scaf_none_0	578	586	9	stapSXEND3	vertex
rT55_rsc_v2	583	A	583	T	scaf_none_0	578	586	9	stapSXEND3	vertex
rT55_rsc_v2	584	A	584	G	scaf_none_0	578	586	9	stapSXEND3	vertex
rT55_rsc_v2	585	A	585	C	scaf_none_0	578	586	9	stapSXEND3	vertex
rT55_rsc_v2	586	A	586	A	scaf_vertex_5	578	586	9	stapSXEND3	vertex
rT55_rsc_v2	587	A	587	G	scaf_vertex_3	587	599	13	vertex	stapDX
rT55_rsc_v2	588	A	588	T	scaf_none_0	587	599	13	vertex	stapDX
rT55_rsc_v2	589	A	589	C	scaf_none_0	587	599	13	vertex	stapDX
rT55_rsc_v2	590	A	590	C	scaf_none_0	587	599	13	vertex	stapDX
rT55_rsc_v2	591	A	591	A	scaf_none_0	587	599	13	vertex	stapDX
rT55_rsc_v2	592	A	592	T	scaf_none_0	587	599	13	vertex	stapDX
rT55_rsc_v2	593	A	593	G	scaf_none_0	587	599	13	vertex	stapDX
rT55_rsc_v2	594	A	594	G	scaf_none_0	587	599	13	vertex	stapDX
rT55_rsc_v2	595	A	595	C	scaf_none_0	587	599	13	vertex	stapDX
rT55_rsc_v2	596	A	596	C	scaf_none_0	587	599	13	vertex	stapDX
rT55_rsc_v2	597	A	597	C	scaf_none_0	587	599	13	vertex	stapDX
rT55_rsc_v2	598	A	598	A	scaf_none_0	587	599	13	vertex	stapDX
rT55_rsc_v2	599	A	599	C	scaf_stapDX_5	587	599	13	vertex	stapDX
rT55_rsc_v2	600	A	600	C	scaf_stapDX_3	600	610	11	stapDX	stapSXEND5
rT55_rsc_v2	601	A	601	C	scaf_none_0	600	610	11	stapDX	stapSXEND5
rT55_rsc_v2	602	A	602	C	scaf_none_0	600	610	11	stapDX	stapSXEND5
rT55_rsc_v2	603	A	603	A	scaf_none_0	600	610	11	stapDX	stapSXEND5
rT55_rsc_v2	604	A	604	G	scaf_none_0	600	610	11	stapDX	stapSXEND5
rT55_rsc_v2	605	A	605	A	scaf_none_0	600	610	11	stapDX	stapSXEND5
rT55_rsc_v2	606	A	606	C	scaf_none_0	600	610	11	stapDX	stapSXEND5
rT55_rsc_v2	607	A	607	T	scaf_none_0	600	610	11	stapDX	stapSXEND5
rT55_rsc_v2	608	A	608	T	scaf_none_0	600	610	11	stapDX	stapSXEND5
rT55_rsc_v2	609	A	609	C	scaf_none_0	600	610	11	stapDX	stapSXEND5
rT55_rsc_v2	610	A	610	A	scaf_stapSXEND5_0	600	610	11	stapDX	stapSXEND5
rT55_rsc_v2	611	A	611	T	scaf_stapSX_3	611	621	11	stapSX	stapEND5
rT55_rsc_v2	612	A	612	T	scaf_none_0	611	621	11	stapSX	stapEND5
rT55_rsc_v2	613	A	613	G	scaf_none_0	611	621	11	stapSX	stapEND5
rT55_rsc_v2	614	A	614	C	scaf_none_0	611	621	11	stapSX	stapEND5
rT55_rsc_v2	615	A	615	T	scaf_none_0	611	621	11	stapSX	stapEND5
rT55_rsc_v2	616	A	616	G	scaf_none_0	611	621	11	stapSX	stapEND5
rT55_rsc_v2	617	A	617	C	scaf_none_0	611	621	11	stapSX	stapEND5
rT55_rsc_v2	618	A	618	C	scaf_none_0	611	621	11	stapSX	stapEND5
rT55_rsc_v2	619	A	619	C	scaf_none_0	611	621	11	stapSX	stapEND5
rT55_rsc_v2	620	A	620	T	scaf_none_0	611	621	11	stapSX	stapEND5
rT55_rsc_v2	621	A	621	G	scaf_stapEND5_0	611	621	11	stapSX	stapEND5
rT55_rsc_v2	622	A	622	T	scaf_stapEND3_0	622	632	11	stapEND3	stapSX
rT55_rsc_v2	623	A	623	G	scaf_none_0	622	632	11	stapEND3	stapSX
rT55_rsc_v2	624	A	624	A	scaf_none_0	622	632	11	stapEND3	stapSX
rT55_rsc_v2	625	A	625	C	scaf_none_0	622	632	11	stapEND3	stapSX
rT55_rsc_v2	626	A	626	A	scaf_none_0	622	632	11	stapEND3	stapSX
rT55_rsc_v2	627	A	627	C	scaf_none_0	622	632	11	stapEND3	stapSX
rT55_rsc_v2	628	A	628	C	scaf_none_0	622	632	11	stapEND3	stapSX
rT55_rsc_v2	629	A	629	A	scaf_none_0	622	632	11	stapEND3	stapSX
rT55_rsc_v2	630	A	630	T	scaf_none_0	622	632	11	stapEND3	stapSX
rT55_rsc_v2	631	A	631	T	scaf_none_0	622	632	11	stapEND3	stapSX
rT55_rsc_v2	632	A	632	C	scaf_stapSX_5	622	632	11	stapEND3	stapSX
rT55_rsc_v2	633	A	633	A	scaf_stapSXEND3_0	633	641	9	stapSXEND3	vertex
rT55_rsc_v2	634	A	634	T	scaf_none_0	633	641	9	stapSXEND3	vertex
rT55_rsc_v2	635	A	635	T	scaf_none_0	633	641	9	stapSXEND3	vertex
rT55_rsc_v2	636	A	636	A	scaf_none_0	633	641	9	stapSXEND3	vertex
rT55_rsc_v2	637	A	637	G	scaf_none_0	633	641	9	stapSXEND3	vertex
rT55_rsc_v2	638	A	638	A	scaf_none_0	633	641	9	stapSXEND3	vertex
rT55_rsc_v2	639	A	639	A	scaf_none_0	633	641	9	stapSXEND3	vertex
rT55_rsc_v2	640	A	640	C	scaf_none_0	633	641	9	stapSXEND3	vertex
rT55_rsc_v2	641	A	641	C	scaf_vertex_5	633	641	9	stapSXEND3	vertex
rT55_rsc_v2	642	A	642	T	scaf_vertex_3	642	654	13	vertex	stapDX
rT55_rsc_v2	643	A	643	G	scaf_none_0	642	654	13	vertex	stapDX
rT55_rsc_v2	644	A	644	G	scaf_none_0	642	654	13	vertex	stapDX
rT55_rsc_v2	645	A	645	T	scaf_none_0	642	654	13	vertex	stapDX
rT55_rsc_v2	646	A	646	A	scaf_none_0	642	654	13	vertex	stapDX
rT55_rsc_v2	647	A	647	T	scaf_none_0	642	654	13	vertex	stapDX
rT55_rsc_v2	648	A	648	G	scaf_none_0	642	654	13	vertex	stapDX
rT55_rsc_v2	649	A	649	G	scaf_none_0	642	654	13	vertex	stapDX
rT55_rsc_v2	650	A	650	A	scaf_none_0	642	654	13	vertex	stapDX
rT55_rsc_v2	651	A	651	A	scaf_none_0	642	654	13	vertex	stapDX
rT55_rsc_v2	652	A	652	G	scaf_none_0	642	654	13	vertex	stapDX
rT55_rsc_v2	653	A	653	T	scaf_none_0	642	654	13	vertex	stapDX
rT55_rsc_v2	654	A	654	G	scaf_stapDX_5	642	654	13	vertex	stapDX
rT55_rsc_v2	655	A	655	T	scaf_stapDX_3	655	660	6	stapDX	scafEND3
rT55_rsc_v2	656	A	656	A	scaf_none_0	655	660	6	stapDX	scafEND3
rT55_rsc_v2	657	A	657	C	scaf_none_0	655	660	6	stapDX	scafEND3
rT55_rsc_v2	658	A	658	C	scaf_none_0	655	660	6	stapDX	scafEND3
rT55_rsc_v2	659	A	659	A	scaf_none_0	655	660	6	stapDX	scafEND3
rT55_rsc_v2	660	A	660	C	scaf_scafEND3_0	655	660	6	stapDX	scafEND3
rT55_rsc_v2	717	B	1	G	stap_stapEND5_0	717	710	8	stapEND5	stapDX
rT55_rsc_v2	716	B	2	T	stap_none_0	717	710	8	stapEND5	stapDX
rT55_rsc_v2	715	B	3	C	stap_none_0	717	710	8	stapEND5	stapDX
rT55_rsc_v2	714	B	4	C	stap_none_0	717	710	8	stapEND5	stapDX
rT55_rsc_v2	713	B	5	C	stap_none_0	717	710	8	stapEND5	stapDX
rT55_rsc_v2	712	B	6	C	stap_none_0	717	710	8	stapEND5	stapDX
rT55_rsc_v2	711	B	7	T	stap_none_0	717	710	8	stapEND5	stapDX
rT55_rsc_v2	710	B	8	C	stap_stapDX_5	717	710	8	stapEND5	stapDX
rT55_rsc_v2	742	B	9	G	stap_stapDX_3	742	724	19	stapDX	scafDX
rT55_rsc_v2	741	B	10	A	stap_none_0	742	724	19	stapDX	scafDX
rT55_rsc_v2	740	B	11	G	stap_none_0	742	724	19	stapDX	scafDX
rT55_rsc_v2	739	B	12	C	stap_none_0	742	724	19	stapDX	scafDX
rT55_rsc_v2	738	B	13	C	stap_none_0	742	724	19	stapDX	scafDX
rT55_rsc_v2	737	B	14	C	stap_none_0	742	724	19	stapDX	scafDX
rT55_rsc_v2	736	B	15	C	stap_none_0	742	724	19	stapDX	scafDX
rT55_rsc_v2	735	B	16	T	stap_none_0	742	724	19	stapDX	scafDX
rT55_rsc_v2	734	B	17	C	stap_none_0	742	724	19	stapDX	scafDX
rT55_rsc_v2	733	B	18	A	stap_none_0	742	724	19	stapDX	scafDX
rT55_rsc_v2	732	B	19	T	stap_none_0	742	724	19	stapDX	scafDX
rT55_rsc_v2	731	B	20	G	stap_none_0	742	724	19	stapDX	scafDX
rT55_rsc_v2	730	B	21	T	stap_none_0	742	724	19	stapDX	scafDX
rT55_rsc_v2	729	B	22	C	stap_none_0	742	724	19	stapDX	scafDX
rT55_rsc_v2	728	B	23	C	stap_none_0	742	724	19	stapDX	scafDX
rT55_rsc_v2	727	B	24	T	stap_none_0	742	724	19	stapDX	scafDX
rT55_rsc_v2	726	B	25	T	stap_none_0	742	724	19	stapDX	scafDX
rT55_rsc_v2	725	B	26	G	stap_none_0	742	724	19	stapDX	scafDX
rT55_rsc_v2	724	B	27	G	stap_scafDX_5	742	724	19	stapDX	scafDX
rT55_rsc_v2	1218	B	28	G	stap_scafDX_3	1218	1213	6	scafDX	stapEND3
rT55_rsc_v2	1217	B	29	C	stap_none_0	1218	1213	6	scafDX	stapEND3
rT55_rsc_v2	1216	B	30	A	stap_none_0	1218	1213	6	scafDX	stapEND3
rT55_rsc_v2	1215	B	31	A	stap_none_0	1218	1213	6	scafDX	stapEND3
rT55_rsc_v2	1214	B	32	G	stap_none_0	1218	1213	6	scafDX	stapEND3
rT55_rsc_v2	1213	B	33	G	stap_stapEND3_0	1218	1213	6	scafDX	stapEND3
rT55_rsc_v2	764	C	1	C	stap_stapSXEND5_0	764	752	13	stapSXEND5	vertex
rT55_rsc_v2	763	C	2	C	stap_none_0	764	752	13	stapSXEND5	vertex
rT55_rsc_v2	762	C	3	T	stap_none_0	764	752	13	stapSXEND5	vertex
rT55_rsc_v2	761	C	4	G	stap_none_0	764	752	13	stapSXEND5	vertex
rT55_rsc_v2	760	C	5	A	stap_none_0	764	752	13	stapSXEND5	vertex
rT55_rsc_v2	759	C	6	C	stap_none_0	764	752	13	stapSXEND5	vertex
rT55_rsc_v2	758	C	7	T	stap_none_0	764	752	13	stapSXEND5	vertex
rT55_rsc_v2	757	C	8	A	stap_none_0	764	752	13	stapSXEND5	vertex
rT55_rsc_v2	756	C	9	G	stap_none_0	764	752	13	stapSXEND5	vertex
rT55_rsc_v2	755	C	10	A	stap_none_0	764	752	13	stapSXEND5	vertex
rT55_rsc_v2	754	C	11	C	stap_none_0	764	752	13	stapSXEND5	vertex
rT55_rsc_v2	753	C	12	A	stap_none_0	764	752	13	stapSXEND5	vertex
rT55_rsc_v2	752	C	13	T	stap_vertex_5	764	752	13	stapSXEND5	vertex
rT55_rsc_v2	1366	C	14	T	stap_invertex_0	1366	1370	5	invertex	invertex
rT55_rsc_v2	1367	C	15	T	stap_invertex_0	1366	1370	5	invertex	invertex
rT55_rsc_v2	1368	C	16	T	stap_invertex_0	1366	1370	5	invertex	invertex
rT55_rsc_v2	1369	C	17	T	stap_invertex_0	1366	1370	5	invertex	invertex
rT55_rsc_v2	1370	C	18	T	stap_invertex_0	1366	1370	5	invertex	invertex
rT55_rsc_v2	751	C	19	T	stap_vertex_3	751	743	9	vertex	stapDX
rT55_rsc_v2	750	C	20	A	stap_none_0	751	743	9	vertex	stapDX
rT55_rsc_v2	749	C	21	G	stap_none_0	751	743	9	vertex	stapDX
rT55_rsc_v2	748	C	22	T	stap_none_0	751	743	9	vertex	stapDX
rT55_rsc_v2	747	C	23	G	stap_none_0	751	743	9	vertex	stapDX
rT55_rsc_v2	746	C	24	C	stap_none_0	751	743	9	vertex	stapDX
rT55_rsc_v2	745	C	25	A	stap_none_0	751	743	9	vertex	stapDX
rT55_rsc_v2	744	C	26	T	stap_none_0	751	743	9	vertex	stapDX
rT55_rsc_v2	743	C	27	A	stap_stapDX_5	751	743	9	vertex	stapDX
rT55_rsc_v2	709	C	28	T	stap_stapDX_3	709	697	13	stapDX	vertex
rT55_rsc_v2	708	C	29	T	stap_none_0	709	697	13	stapDX	vertex
rT55_rsc_v2	707	C	30	C	stap_none_0	709	697	13	stapDX	vertex
rT55_rsc_v2	706	C	31	T	stap_none_0	709	697	13	stapDX	vertex
rT55_rsc_v2	705	C	32	G	stap_none_0	709	697	13	stapDX	vertex
rT55_rsc_v2	704	C	33	G	stap_none_0	709	697	13	stapDX	vertex
rT55_rsc_v2	703	C	34	T	stap_none_0	709	697	13	stapDX	vertex
rT55_rsc_v2	702	C	35	C	stap_none_0	709	697	13	stapDX	vertex
rT55_rsc_v2	701	C	36	A	stap_none_0	709	697	13	stapDX	vertex
rT55_rsc_v2	700	C	37	T	stap_none_0	709	697	13	stapDX	vertex
rT55_rsc_v2	699	C	38	G	stap_none_0	709	697	13	stapDX	vertex
rT55_rsc_v2	698	C	39	G	stap_none_0	709	697	13	stapDX	vertex
rT55_rsc_v2	697	C	40	A	stap_vertex_5	709	697	13	stapDX	vertex
rT55_rsc_v2	1371	C	41	T	stap_invertex_0	1371	1375	5	invertex	invertex
rT55_rsc_v2	1372	C	42	T	stap_invertex_0	1371	1375	5	invertex	invertex
rT55_rsc_v2	1373	C	43	T	stap_invertex_0	1371	1375	5	invertex	invertex
rT55_rsc_v2	1374	C	44	T	stap_invertex_0	1371	1375	5	invertex	invertex
rT55_rsc_v2	1375	C	45	T	stap_invertex_0	1371	1375	5	invertex	invertex
rT55_rsc_v2	696	C	46	T	stap_vertex_3	696	688	9	vertex	stapDX
rT55_rsc_v2	695	C	47	A	stap_none_0	696	688	9	vertex	stapDX
rT55_rsc_v2	694	C	48	C	stap_none_0	696	688	9	vertex	stapDX
rT55_rsc_v2	693	C	49	A	stap_none_0	696	688	9	vertex	stapDX
rT55_rsc_v2	692	C	50	T	stap_none_0	696	688	9	vertex	stapDX
rT55_rsc_v2	691	C	51	G	stap_none_0	696	688	9	vertex	stapDX
rT55_rsc_v2	690	C	52	G	stap_none_0	696	688	9	vertex	stapDX
rT55_rsc_v2	689	C	53	C	stap_none_0	696	688	9	vertex	stapDX
rT55_rsc_v2	688	C	54	T	stap_stapDX_5	696	688	9	vertex	stapDX
rT55_rsc_v2	819	C	55	A	stap_stapDX_3	819	807	13	stapDX	vertex
rT55_rsc_v2	818	C	56	T	stap_none_0	819	807	13	stapDX	vertex
rT55_rsc_v2	817	C	57	G	stap_none_0	819	807	13	stapDX	vertex
rT55_rsc_v2	816	C	58	A	stap_none_0	819	807	13	stapDX	vertex
rT55_rsc_v2	815	C	59	T	stap_none_0	819	807	13	stapDX	vertex
rT55_rsc_v2	814	C	60	T	stap_none_0	819	807	13	stapDX	vertex
rT55_rsc_v2	813	C	61	C	stap_none_0	819	807	13	stapDX	vertex
rT55_rsc_v2	812	C	62	T	stap_none_0	819	807	13	stapDX	vertex
rT55_rsc_v2	811	C	63	C	stap_none_0	819	807	13	stapDX	vertex
rT55_rsc_v2	810	C	64	T	stap_none_0	819	807	13	stapDX	vertex
rT55_rsc_v2	809	C	65	C	stap_none_0	819	807	13	stapDX	vertex
rT55_rsc_v2	808	C	66	A	stap_none_0	819	807	13	stapDX	vertex
rT55_rsc_v2	807	C	67	T	stap_vertex_5	819	807	13	stapDX	vertex
rT55_rsc_v2	1376	C	68	T	stap_invertex_0	1376	1380	5	invertex	invertex
rT55_rsc_v2	1377	C	69	T	stap_invertex_0	1376	1380	5	invertex	invertex
rT55_rsc_v2	1378	C	70	T	stap_invertex_0	1376	1380	5	invertex	invertex
rT55_rsc_v2	1379	C	71	T	stap_invertex_0	1376	1380	5	invertex	invertex
rT55_rsc_v2	1380	C	72	T	stap_invertex_0	1376	1380	5	invertex	invertex
rT55_rsc_v2	806	C	73	G	stap_vertex_3	806	798	9	vertex	stapSXEND3
rT55_rsc_v2	805	C	74	A	stap_none_0	806	798	9	vertex	stapSXEND3
rT55_rsc_v2	804	C	75	A	stap_none_0	806	798	9	vertex	stapSXEND3
rT55_rsc_v2	803	C	76	T	stap_none_0	806	798	9	vertex	stapSXEND3
rT55_rsc_v2	802	C	77	C	stap_none_0	806	798	9	vertex	stapSXEND3
rT55_rsc_v2	801	C	78	C	stap_none_0	806	798	9	vertex	stapSXEND3
rT55_rsc_v2	800	C	79	C	stap_none_0	806	798	9	vertex	stapSXEND3
rT55_rsc_v2	799	C	80	A	stap_none_0	806	798	9	vertex	stapSXEND3
rT55_rsc_v2	798	C	81	A	stap_stapSXEND3_0	806	798	9	vertex	stapSXEND3
rT55_rsc_v2	772	D	1	G	stap_stapEND5_0	772	765	8	stapEND5	stapSX
rT55_rsc_v2	771	D	2	G	stap_none_0	772	765	8	stapEND5	stapSX
rT55_rsc_v2	770	D	3	T	stap_none_0	772	765	8	stapEND5	stapSX
rT55_rsc_v2	769	D	4	G	stap_none_0	772	765	8	stapEND5	stapSX
rT55_rsc_v2	768	D	5	A	stap_none_0	772	765	8	stapEND5	stapSX
rT55_rsc_v2	767	D	6	A	stap_none_0	772	765	8	stapEND5	stapSX
rT55_rsc_v2	766	D	7	G	stap_none_0	772	765	8	stapEND5	stapSX
rT55_rsc_v2	765	D	8	G	stap_stapSX_5	772	765	8	stapEND5	stapSX
rT55_rsc_v2	797	D	9	T	stap_stapSX_3	797	779	19	stapSX	scafDX
rT55_rsc_v2	796	D	10	T	stap_none_0	797	779	19	stapSX	scafDX
rT55_rsc_v2	795	D	11	G	stap_none_0	797	779	19	stapSX	scafDX
rT55_rsc_v2	794	D	12	T	stap_none_0	797	779	19	stapSX	scafDX
rT55_rsc_v2	793	D	13	A	stap_none_0	797	779	19	stapSX	scafDX
rT55_rsc_v2	792	D	14	T	stap_none_0	797	779	19	stapSX	scafDX
rT55_rsc_v2	791	D	15	T	stap_none_0	797	779	19	stapSX	scafDX
rT55_rsc_v2	790	D	16	C	stap_none_0	797	779	19	stapSX	scafDX
rT55_rsc_v2	789	D	17	C	stap_none_0	797	779	19	stapSX	scafDX
rT55_rsc_v2	788	D	18	A	stap_none_0	797	779	19	stapSX	scafDX
rT55_rsc_v2	787	D	19	C	stap_none_0	797	779	19	stapSX	scafDX
rT55_rsc_v2	786	D	20	A	stap_none_0	797	779	19	stapSX	scafDX
rT55_rsc_v2	785	D	21	T	stap_none_0	797	779	19	stapSX	scafDX
rT55_rsc_v2	784	D	22	A	stap_none_0	797	779	19	stapSX	scafDX
rT55_rsc_v2	783	D	23	G	stap_none_0	797	779	19	stapSX	scafDX
rT55_rsc_v2	782	D	24	A	stap_none_0	797	779	19	stapSX	scafDX
rT55_rsc_v2	781	D	25	G	stap_none_0	797	779	19	stapSX	scafDX
rT55_rsc_v2	780	D	26	A	stap_none_0	797	779	19	stapSX	scafDX
rT55_rsc_v2	779	D	27	T	stap_scafDX_5	797	779	19	stapSX	scafDX
rT55_rsc_v2	943	D	28	C	stap_scafDX_3	943	938	6	scafDX	stapEND3
rT55_rsc_v2	942	D	29	A	stap_none_0	943	938	6	scafDX	stapEND3
rT55_rsc_v2	941	D	30	C	stap_none_0	943	938	6	scafDX	stapEND3
rT55_rsc_v2	940	D	31	A	stap_none_0	943	938	6	scafDX	stapEND3
rT55_rsc_v2	939	D	32	G	stap_none_0	943	938	6	scafDX	stapEND3
rT55_rsc_v2	938	D	33	A	stap_stapEND3_0	943	938	6	scafDX	stapEND3
rT55_rsc_v2	830	E	1	C	stap_stapSXEND5_0	830	820	11	stapSXEND5	stapDX
rT55_rsc_v2	829	E	2	T	stap_none_0	830	820	11	stapSXEND5	stapDX
rT55_rsc_v2	828	E	3	T	stap_none_0	830	820	11	stapSXEND5	stapDX
rT55_rsc_v2	827	E	4	T	stap_none_0	830	820	11	stapSXEND5	stapDX
rT55_rsc_v2	826	E	5	G	stap_none_0	830	820	11	stapSXEND5	stapDX
rT55_rsc_v2	825	E	6	G	stap_none_0	830	820	11	stapSXEND5	stapDX
rT55_rsc_v2	824	E	7	C	stap_none_0	830	820	11	stapSXEND5	stapDX
rT55_rsc_v2	823	E	8	T	stap_none_0	830	820	11	stapSXEND5	stapDX
rT55_rsc_v2	822	E	9	T	stap_none_0	830	820	11	stapSXEND5	stapDX
rT55_rsc_v2	821	E	10	G	stap_none_0	830	820	11	stapSXEND5	stapDX
rT55_rsc_v2	820	E	11	C	stap_stapDX_5	830	820	11	stapSXEND5	stapDX
rT55_rsc_v2	687	E	12	T	stap_stapDX_3	687	677	11	stapDX	stapSXEND3
rT55_rsc_v2	686	E	13	G	stap_none_0	687	677	11	stapDX	stapSXEND3
rT55_rsc_v2	685	E	14	A	stap_none_0	687	677	11	stapDX	stapSXEND3
rT55_rsc_v2	684	E	15	G	stap_none_0	687	677	11	stapDX	stapSXEND3
rT55_rsc_v2	683	E	16	T	stap_none_0	687	677	11	stapDX	stapSXEND3
rT55_rsc_v2	682	E	17	C	stap_none_0	687	677	11	stapDX	stapSXEND3
rT55_rsc_v2	681	E	18	T	stap_none_0	687	677	11	stapDX	stapSXEND3
rT55_rsc_v2	680	E	19	C	stap_none_0	687	677	11	stapDX	stapSXEND3
rT55_rsc_v2	679	E	20	T	stap_none_0	687	677	11	stapDX	stapSXEND3
rT55_rsc_v2	678	E	21	A	stap_none_0	687	677	11	stapDX	stapSXEND3
rT55_rsc_v2	677	E	22	A	stap_stapSXEND3_0	687	677	11	stapDX	stapSXEND3
rT55_rsc_v2	841	F	1	C	stap_stapEND5_0	841	831	11	stapEND5	stapSX
rT55_rsc_v2	840	F	2	T	stap_none_0	841	831	11	stapEND5	stapSX
rT55_rsc_v2	839	F	3	A	stap_none_0	841	831	11	stapEND5	stapSX
rT55_rsc_v2	838	F	4	C	stap_none_0	841	831	11	stapEND5	stapSX
rT55_rsc_v2	837	F	5	C	stap_none_0	841	831	11	stapEND5	stapSX
rT55_rsc_v2	836	F	6	T	stap_none_0	841	831	11	stapEND5	stapSX
rT55_rsc_v2	835	F	7	G	stap_none_0	841	831	11	stapEND5	stapSX
rT55_rsc_v2	834	F	8	C	stap_none_0	841	831	11	stapEND5	stapSX
rT55_rsc_v2	833	F	9	T	stap_none_0	841	831	11	stapEND5	stapSX
rT55_rsc_v2	832	F	10	G	stap_none_0	841	831	11	stapEND5	stapSX
rT55_rsc_v2	831	F	11	A	stap_stapSX_5	841	831	11	stapEND5	stapSX
rT55_rsc_v2	676	F	12	T	stap_stapSX_3	676	661	16	stapSX	scafEND5
rT55_rsc_v2	675	F	13	G	stap_none_0	676	661	16	stapSX	scafEND5
rT55_rsc_v2	674	F	14	C	stap_none_0	676	661	16	stapSX	scafEND5
rT55_rsc_v2	673	F	15	A	stap_none_0	676	661	16	stapSX	scafEND5
rT55_rsc_v2	672	F	16	C	stap_none_0	676	661	16	stapSX	scafEND5
rT55_rsc_v2	671	F	17	T	stap_none_0	676	661	16	stapSX	scafEND5
rT55_rsc_v2	670	F	18	C	stap_none_0	676	661	16	stapSX	scafEND5
rT55_rsc_v2	669	F	19	A	stap_none_0	676	661	16	stapSX	scafEND5
rT55_rsc_v2	668	F	20	C	stap_none_0	676	661	16	stapSX	scafEND5
rT55_rsc_v2	667	F	21	T	stap_none_0	676	661	16	stapSX	scafEND5
rT55_rsc_v2	666	F	22	A	stap_none_0	676	661	16	stapSX	scafEND5
rT55_rsc_v2	665	F	23	G	stap_none_0	676	661	16	stapSX	scafEND5
rT55_rsc_v2	664	F	24	G	stap_none_0	676	661	16	stapSX	scafEND5
rT55_rsc_v2	663	F	25	C	stap_none_0	676	661	16	stapSX	scafEND5
rT55_rsc_v2	662	F	26	C	stap_none_0	676	661	16	stapSX	scafEND5
rT55_rsc_v2	661	F	27	C	stap_scafEND5_0	676	661	16	stapSX	scafEND5
rT55_rsc_v2	1320	F	28	G	stap_scafEND3_0	1320	1315	6	scafEND3	stapDX
rT55_rsc_v2	1319	F	29	T	stap_none_0	1320	1315	6	scafEND3	stapDX
rT55_rsc_v2	1318	F	30	G	stap_none_0	1320	1315	6	scafEND3	stapDX
rT55_rsc_v2	1317	F	31	G	stap_none_0	1320	1315	6	scafEND3	stapDX
rT55_rsc_v2	1316	F	32	T	stap_none_0	1320	1315	6	scafEND3	stapDX
rT55_rsc_v2	1315	F	33	A	stap_stapDX_5	1320	1315	6	scafEND3	stapDX
rT55_rsc_v2	852	F	34	A	stap_stapDX_3	852	842	11	stapDX	stapEND3
rT55_rsc_v2	851	F	35	T	stap_none_0	852	842	11	stapDX	stapEND3
rT55_rsc_v2	850	F	36	C	stap_none_0	852	842	11	stapDX	stapEND3
rT55_rsc_v2	849	F	37	A	stap_none_0	852	842	11	stapDX	stapEND3
rT55_rsc_v2	848	F	38	A	stap_none_0	852	842	11	stapDX	stapEND3
rT55_rsc_v2	847	F	39	A	stap_none_0	852	842	11	stapDX	stapEND3
rT55_rsc_v2	846	F	40	T	stap_none_0	852	842	11	stapDX	stapEND3
rT55_rsc_v2	845	F	41	A	stap_none_0	852	842	11	stapDX	stapEND3
rT55_rsc_v2	844	F	42	A	stap_none_0	852	842	11	stapDX	stapEND3
rT55_rsc_v2	843	F	43	G	stap_none_0	852	842	11	stapDX	stapEND3
rT55_rsc_v2	842	F	44	G	stap_stapEND3_0	852	842	11	stapDX	stapEND3
rT55_rsc_v2	937	G	1	T	stap_stapEND5_0	937	930	8	stapEND5	stapDX
rT55_rsc_v2	936	G	2	G	stap_none_0	937	930	8	stapEND5	stapDX
rT55_rsc_v2	935	G	3	T	stap_none_0	937	930	8	stapEND5	stapDX
rT55_rsc_v2	934	G	4	C	stap_none_0	937	930	8	stapEND5	stapDX
rT55_rsc_v2	933	G	5	A	stap_none_0	937	930	8	stapEND5	stapDX
rT55_rsc_v2	932	G	6	G	stap_none_0	937	930	8	stapEND5	stapDX
rT55_rsc_v2	931	G	7	G	stap_none_0	937	930	8	stapEND5	stapDX
rT55_rsc_v2	930	G	8	G	stap_stapDX_5	937	930	8	stapEND5	stapDX
rT55_rsc_v2	962	G	9	A	stap_stapDX_3	962	944	19	stapDX	scafDX
rT55_rsc_v2	961	G	10	A	stap_none_0	962	944	19	stapDX	scafDX
rT55_rsc_v2	960	G	11	C	stap_none_0	962	944	19	stapDX	scafDX
rT55_rsc_v2	959	G	12	C	stap_none_0	962	944	19	stapDX	scafDX
rT55_rsc_v2	958	G	13	A	stap_none_0	962	944	19	stapDX	scafDX
rT55_rsc_v2	957	G	14	A	stap_none_0	962	944	19	stapDX	scafDX
rT55_rsc_v2	956	G	15	T	stap_none_0	962	944	19	stapDX	scafDX
rT55_rsc_v2	955	G	16	T	stap_none_0	962	944	19	stapDX	scafDX
rT55_rsc_v2	954	G	17	T	stap_none_0	962	944	19	stapDX	scafDX
rT55_rsc_v2	953	G	18	G	stap_none_0	962	944	19	stapDX	scafDX
rT55_rsc_v2	952	G	19	A	stap_none_0	962	944	19	stapDX	scafDX
rT55_rsc_v2	951	G	20	G	stap_none_0	962	944	19	stapDX	scafDX
rT55_rsc_v2	950	G	21	G	stap_none_0	962	944	19	stapDX	scafDX
rT55_rsc_v2	949	G	22	C	stap_none_0	962	944	19	stapDX	scafDX
rT55_rsc_v2	948	G	23	C	stap_none_0	962	944	19	stapDX	scafDX
rT55_rsc_v2	947	G	24	C	stap_none_0	962	944	19	stapDX	scafDX
rT55_rsc_v2	946	G	25	A	stap_none_0	962	944	19	stapDX	scafDX
rT55_rsc_v2	945	G	26	G	stap_none_0	962	944	19	stapDX	scafDX
rT55_rsc_v2	944	G	27	A	stap_scafDX_5	962	944	19	stapDX	scafDX
rT55_rsc_v2	778	G	28	G	stap_scafDX_3	778	773	6	scafDX	stapEND3
rT55_rsc_v2	777	G	29	A	stap_none_0	778	773	6	scafDX	stapEND3
rT55_rsc_v2	776	G	30	C	stap_none_0	778	773	6	scafDX	stapEND3
rT55_rsc_v2	775	G	31	T	stap_none_0	778	773	6	scafDX	stapEND3
rT55_rsc_v2	774	G	32	A	stap_none_0	778	773	6	scafDX	stapEND3
rT55_rsc_v2	773	G	33	G	stap_stapEND3_0	778	773	6	scafDX	stapEND3
rT55_rsc_v2	992	H	1	G	stap_stapEND5_0	992	985	8	stapEND5	stapDX
rT55_rsc_v2	991	H	2	A	stap_none_0	992	985	8	stapEND5	stapDX
rT55_rsc_v2	990	H	3	T	stap_none_0	992	985	8	stapEND5	stapDX
rT55_rsc_v2	989	H	4	G	stap_none_0	992	985	8	stapEND5	stapDX
rT55_rsc_v2	988	H	5	G	stap_none_0	992	985	8	stapEND5	stapDX
rT55_rsc_v2	987	H	6	G	stap_none_0	992	985	8	stapEND5	stapDX
rT55_rsc_v2	986	H	7	A	stap_none_0	992	985	8	stapEND5	stapDX
rT55_rsc_v2	985	H	8	T	stap_stapDX_5	992	985	8	stapEND5	stapDX
rT55_rsc_v2	1017	H	9	T	stap_stapDX_3	1017	999	19	stapDX	scafDX
rT55_rsc_v2	1016	H	10	A	stap_none_0	1017	999	19	stapDX	scafDX
rT55_rsc_v2	1015	H	11	G	stap_none_0	1017	999	19	stapDX	scafDX
rT55_rsc_v2	1014	H	12	C	stap_none_0	1017	999	19	stapDX	scafDX
rT55_rsc_v2	1013	H	13	A	stap_none_0	1017	999	19	stapDX	scafDX
rT55_rsc_v2	1012	H	14	A	stap_none_0	1017	999	19	stapDX	scafDX
rT55_rsc_v2	1011	H	15	G	stap_none_0	1017	999	19	stapDX	scafDX
rT55_rsc_v2	1010	H	16	C	stap_none_0	1017	999	19	stapDX	scafDX
rT55_rsc_v2	1009	H	17	A	stap_none_0	1017	999	19	stapDX	scafDX
rT55_rsc_v2	1008	H	18	A	stap_none_0	1017	999	19	stapDX	scafDX
rT55_rsc_v2	1007	H	19	G	stap_none_0	1017	999	19	stapDX	scafDX
rT55_rsc_v2	1006	H	20	A	stap_none_0	1017	999	19	stapDX	scafDX
rT55_rsc_v2	1005	H	21	C	stap_none_0	1017	999	19	stapDX	scafDX
rT55_rsc_v2	1004	H	22	C	stap_none_0	1017	999	19	stapDX	scafDX
rT55_rsc_v2	1003	H	23	A	stap_none_0	1017	999	19	stapDX	scafDX
rT55_rsc_v2	1002	H	24	A	stap_none_0	1017	999	19	stapDX	scafDX
rT55_rsc_v2	1001	H	25	G	stap_none_0	1017	999	19	stapDX	scafDX
rT55_rsc_v2	1000	H	26	G	stap_none_0	1017	999	19	stapDX	scafDX
rT55_rsc_v2	999	H	27	T	stap_scafDX_5	1017	999	19	stapDX	scafDX
rT55_rsc_v2	1163	H	28	A	stap_scafDX_3	1163	1158	6	scafDX	stapEND3
rT55_rsc_v2	1162	H	29	C	stap_none_0	1163	1158	6	scafDX	stapEND3
rT55_rsc_v2	1161	H	30	A	stap_none_0	1163	1158	6	scafDX	stapEND3
rT55_rsc_v2	1160	H	31	G	stap_none_0	1163	1158	6	scafDX	stapEND3
rT55_rsc_v2	1159	H	32	T	stap_none_0	1163	1158	6	scafDX	stapEND3
rT55_rsc_v2	1158	H	33	T	stap_stapEND3_0	1163	1158	6	scafDX	stapEND3
rT55_rsc_v2	1039	I	1	C	stap_stapSXEND5_0	1039	1027	13	stapSXEND5	vertex
rT55_rsc_v2	1038	I	2	T	stap_none_0	1039	1027	13	stapSXEND5	vertex
rT55_rsc_v2	1037	I	3	A	stap_none_0	1039	1027	13	stapSXEND5	vertex
rT55_rsc_v2	1036	I	4	G	stap_none_0	1039	1027	13	stapSXEND5	vertex
rT55_rsc_v2	1035	I	5	T	stap_none_0	1039	1027	13	stapSXEND5	vertex
rT55_rsc_v2	1034	I	6	G	stap_none_0	1039	1027	13	stapSXEND5	vertex
rT55_rsc_v2	1033	I	7	G	stap_none_0	1039	1027	13	stapSXEND5	vertex
rT55_rsc_v2	1032	I	8	T	stap_none_0	1039	1027	13	stapSXEND5	vertex
rT55_rsc_v2	1031	I	9	G	stap_none_0	1039	1027	13	stapSXEND5	vertex
rT55_rsc_v2	1030	I	10	T	stap_none_0	1039	1027	13	stapSXEND5	vertex
rT55_rsc_v2	1029	I	11	A	stap_none_0	1039	1027	13	stapSXEND5	vertex
rT55_rsc_v2	1028	I	12	A	stap_none_0	1039	1027	13	stapSXEND5	vertex
rT55_rsc_v2	1027	I	13	T	stap_vertex_5	1039	1027	13	stapSXEND5	vertex
rT55_rsc_v2	1336	I	14	T	stap_invertex_0	1336	1340	5	invertex	invertex
rT55_rsc_v2	1337	I	15	T	stap_invertex_0	1336	1340	5	invertex	invertex
rT55_rsc_v2	1338	I	16	T	stap_invertex_0	1336	1340	5	invertex	invertex
rT55_rsc_v2	1339	I	17	T	stap_invertex_0	1336	1340	5	invertex	invertex
rT55_rsc_v2	1340	I	18	T	stap_invertex_0	1336	1340	5	invertex	invertex
rT55_rsc_v2	1026	I	19	G	stap_vertex_3	1026	1018	9	vertex	stapDX
rT55_rsc_v2	1025	I	20	A	stap_none_0	1026	1018	9	vertex	stapDX
rT55_rsc_v2	1024	I	21	A	stap_none_0	1026	1018	9	vertex	stapDX
rT55_rsc_v2	1023	I	22	A	stap_none_0	1026	1018	9	vertex	stapDX
rT55_rsc_v2	1022	I	23	A	stap_none_0	1026	1018	9	vertex	stapDX
rT55_rsc_v2	1021	I	24	G	stap_none_0	1026	1018	9	vertex	stapDX
rT55_rsc_v2	1020	I	25	T	stap_none_0	1026	1018	9	vertex	stapDX
rT55_rsc_v2	1019	I	26	T	stap_none_0	1026	1018	9	vertex	stapDX
rT55_rsc_v2	1018	I	27	C	stap_stapDX_5	1026	1018	9	vertex	stapDX
rT55_rsc_v2	984	I	28	T	stap_stapDX_3	984	972	13	stapDX	vertex
rT55_rsc_v2	983	I	29	A	stap_none_0	984	972	13	stapDX	vertex
rT55_rsc_v2	982	I	30	T	stap_none_0	984	972	13	stapDX	vertex
rT55_rsc_v2	981	I	31	G	stap_none_0	984	972	13	stapDX	vertex
rT55_rsc_v2	980	I	32	C	stap_none_0	984	972	13	stapDX	vertex
rT55_rsc_v2	979	I	33	A	stap_none_0	984	972	13	stapDX	vertex
rT55_rsc_v2	978	I	34	T	stap_none_0	984	972	13	stapDX	vertex
rT55_rsc_v2	977	I	35	A	stap_none_0	984	972	13	stapDX	vertex
rT55_rsc_v2	976	I	36	G	stap_none_0	984	972	13	stapDX	vertex
rT55_rsc_v2	975	I	37	C	stap_none_0	984	972	13	stapDX	vertex
rT55_rsc_v2	974	I	38	C	stap_none_0	984	972	13	stapDX	vertex
rT55_rsc_v2	973	I	39	C	stap_none_0	984	972	13	stapDX	vertex
rT55_rsc_v2	972	I	40	A	stap_vertex_5	984	972	13	stapDX	vertex
rT55_rsc_v2	1341	I	41	T	stap_invertex_0	1341	1345	5	invertex	invertex
rT55_rsc_v2	1342	I	42	T	stap_invertex_0	1341	1345	5	invertex	invertex
rT55_rsc_v2	1343	I	43	T	stap_invertex_0	1341	1345	5	invertex	invertex
rT55_rsc_v2	1344	I	44	T	stap_invertex_0	1341	1345	5	invertex	invertex
rT55_rsc_v2	1345	I	45	T	stap_invertex_0	1341	1345	5	invertex	invertex
rT55_rsc_v2	971	I	46	T	stap_vertex_3	971	963	9	vertex	stapDX
rT55_rsc_v2	970	I	47	C	stap_none_0	971	963	9	vertex	stapDX
rT55_rsc_v2	969	I	48	A	stap_none_0	971	963	9	vertex	stapDX
rT55_rsc_v2	968	I	49	G	stap_none_0	971	963	9	vertex	stapDX
rT55_rsc_v2	967	I	50	C	stap_none_0	971	963	9	vertex	stapDX
rT55_rsc_v2	966	I	51	T	stap_none_0	971	963	9	vertex	stapDX
rT55_rsc_v2	965	I	52	T	stap_none_0	971	963	9	vertex	stapDX
rT55_rsc_v2	964	I	53	C	stap_none_0	971	963	9	vertex	stapDX
rT55_rsc_v2	963	I	54	A	stap_stapDX_5	971	963	9	vertex	stapDX
rT55_rsc_v2	929	I	55	A	stap_stapDX_3	929	917	13	stapDX	vertex
rT55_rsc_v2	928	I	56	G	stap_none_0	929	917	13	stapDX	vertex
rT55_rsc_v2	927	I	57	C	stap_none_0	929	917	13	stapDX	vertex
rT55_rsc_v2	926	I	58	C	stap_none_0	929	917	13	stapDX	vertex
rT55_rsc_v2	925	I	59	A	stap_none_0	929	917	13	stapDX	vertex
rT55_rsc_v2	924	I	60	G	stap_none_0	929	917	13	stapDX	vertex
rT55_rsc_v2	923	I	61	T	stap_none_0	929	917	13	stapDX	vertex
rT55_rsc_v2	922	I	62	C	stap_none_0	929	917	13	stapDX	vertex
rT55_rsc_v2	921	I	63	A	stap_none_0	929	917	13	stapDX	vertex
rT55_rsc_v2	920	I	64	T	stap_none_0	929	917	13	stapDX	vertex
rT55_rsc_v2	919	I	65	C	stap_none_0	929	917	13	stapDX	vertex
rT55_rsc_v2	918	I	66	A	stap_none_0	929	917	13	stapDX	vertex
rT55_rsc_v2	917	I	67	G	stap_vertex_5	929	917	13	stapDX	vertex
rT55_rsc_v2	1346	I	68	T	stap_invertex_0	1346	1350	5	invertex	invertex
rT55_rsc_v2	1347	I	69	T	stap_invertex_0	1346	1350	5	invertex	invertex
rT55_rsc_v2	1348	I	70	T	stap_invertex_0	1346	1350	5	invertex	invertex
rT55_rsc_v2	1349	I	71	T	stap_invertex_0	1346	1350	5	invertex	invertex
rT55_rsc_v2	1350	I	72	T	stap_invertex_0	1346	1350	5	invertex	invertex
rT55_rsc_v2	916	I	73	G	stap_vertex_3	916	908	9	vertex	stapSXEND3
rT55_rsc_v2	915	I	74	A	stap_none_0	916	908	9	vertex	stapSXEND3
rT55_rsc_v2	914	I	75	G	stap_none_0	916	908	9	vertex	stapSXEND3
rT55_rsc_v2	913	I	76	A	stap_none_0	916	908	9	vertex	stapSXEND3
rT55_rsc_v2	912	I	77	A	stap_none_0	916	908	9	vertex	stapSXEND3
rT55_rsc_v2	911	I	78	A	stap_none_0	916	908	9	vertex	stapSXEND3
rT55_rsc_v2	910	I	79	C	stap_none_0	916	908	9	vertex	stapSXEND3
rT55_rsc_v2	909	I	80	C	stap_none_0	916	908	9	vertex	stapSXEND3
rT55_rsc_v2	908	I	81	C	stap_stapSXEND3_0	916	908	9	vertex	stapSXEND3
rT55_rsc_v2	1050	J	1	A	stap_stapSXEND5_0	1050	1040	11	stapSXEND5	stapSX
rT55_rsc_v2	1049	J	2	C	stap_none_0	1050	1040	11	stapSXEND5	stapSX
rT55_rsc_v2	1048	J	3	A	stap_none_0	1050	1040	11	stapSXEND5	stapSX
rT55_rsc_v2	1047	J	4	A	stap_none_0	1050	1040	11	stapSXEND5	stapSX
rT55_rsc_v2	1046	J	5	A	stap_none_0	1050	1040	11	stapSXEND5	stapSX
rT55_rsc_v2	1045	J	6	C	stap_none_0	1050	1040	11	stapSXEND5	stapSX
rT55_rsc_v2	1044	J	7	T	stap_none_0	1050	1040	11	stapSXEND5	stapSX
rT55_rsc_v2	1043	J	8	T	stap_none_0	1050	1040	11	stapSXEND5	stapSX
rT55_rsc_v2	1042	J	9	C	stap_none_0	1050	1040	11	stapSXEND5	stapSX
rT55_rsc_v2	1041	J	10	A	stap_none_0	1050	1040	11	stapSXEND5	stapSX
rT55_rsc_v2	1040	J	11	G	stap_stapSX_5	1050	1040	11	stapSXEND5	stapSX
rT55_rsc_v2	907	J	12	T	stap_stapSX_3	907	897	11	stapSX	stapSXEND3
rT55_rsc_v2	906	J	13	C	stap_none_0	907	897	11	stapSX	stapSXEND3
rT55_rsc_v2	905	J	14	C	stap_none_0	907	897	11	stapSX	stapSXEND3
rT55_rsc_v2	904	J	15	T	stap_none_0	907	897	11	stapSX	stapSXEND3
rT55_rsc_v2	903	J	16	C	stap_none_0	907	897	11	stapSX	stapSXEND3
rT55_rsc_v2	902	J	17	T	stap_none_0	907	897	11	stapSX	stapSXEND3
rT55_rsc_v2	901	J	18	A	stap_none_0	907	897	11	stapSX	stapSXEND3
rT55_rsc_v2	900	J	19	G	stap_none_0	907	897	11	stapSX	stapSXEND3
rT55_rsc_v2	899	J	20	C	stap_none_0	907	897	11	stapSX	stapSXEND3
rT55_rsc_v2	898	J	21	A	stap_none_0	907	897	11	stapSX	stapSXEND3
rT55_rsc_v2	897	J	22	T	stap_stapSXEND3_0	907	897	11	stapSX	stapSXEND3
rT55_rsc_v2	1061	K	1	G	stap_stapEND5_0	1061	1051	11	stapEND5	stapSX
rT55_rsc_v2	1060	K	2	G	stap_none_0	1061	1051	11	stapEND5	stapSX
rT55_rsc_v2	1059	K	3	G	stap_none_0	1061	1051	11	stapEND5	stapSX
rT55_rsc_v2	1058	K	4	C	stap_none_0	1061	1051	11	stapEND5	stapSX
rT55_rsc_v2	1057	K	5	A	stap_none_0	1061	1051	11	stapEND5	stapSX
rT55_rsc_v2	1056	K	6	G	stap_none_0	1061	1051	11	stapEND5	stapSX
rT55_rsc_v2	1055	K	7	T	stap_none_0	1061	1051	11	stapEND5	stapSX
rT55_rsc_v2	1054	K	8	C	stap_none_0	1061	1051	11	stapEND5	stapSX
rT55_rsc_v2	1053	K	9	A	stap_none_0	1061	1051	11	stapEND5	stapSX
rT55_rsc_v2	1052	K	10	T	stap_none_0	1061	1051	11	stapEND5	stapSX
rT55_rsc_v2	1051	K	11	A	stap_stapSX_5	1061	1051	11	stapEND5	stapSX
rT55_rsc_v2	896	K	12	G	stap_stapSX_3	896	875	22	stapSX	stapDX
rT55_rsc_v2	895	K	13	G	stap_none_0	896	875	22	stapSX	stapDX
rT55_rsc_v2	894	K	14	T	stap_none_0	896	875	22	stapSX	stapDX
rT55_rsc_v2	893	K	15	T	stap_none_0	896	875	22	stapSX	stapDX
rT55_rsc_v2	892	K	16	A	stap_none_0	896	875	22	stapSX	stapDX
rT55_rsc_v2	891	K	17	A	stap_none_0	896	875	22	stapSX	stapDX
rT55_rsc_v2	890	K	18	T	stap_none_0	896	875	22	stapSX	stapDX
rT55_rsc_v2	889	K	19	G	stap_none_0	896	875	22	stapSX	stapDX
rT55_rsc_v2	888	K	20	G	stap_none_0	896	875	22	stapSX	stapDX
rT55_rsc_v2	887	K	21	G	stap_none_0	896	875	22	stapSX	stapDX
rT55_rsc_v2	886	K	22	C	stap_none_0	896	875	22	stapSX	stapDX
rT55_rsc_v2	885	K	23	T	stap_none_0	896	875	22	stapSX	stapDX
rT55_rsc_v2	884	K	24	C	stap_none_0	896	875	22	stapSX	stapDX
rT55_rsc_v2	883	K	25	T	stap_none_0	896	875	22	stapSX	stapDX
rT55_rsc_v2	882	K	26	G	stap_none_0	896	875	22	stapSX	stapDX
rT55_rsc_v2	881	K	27	G	stap_none_0	896	875	22	stapSX	stapDX
rT55_rsc_v2	880	K	28	G	stap_none_0	896	875	22	stapSX	stapDX
rT55_rsc_v2	879	K	29	C	stap_none_0	896	875	22	stapSX	stapDX
rT55_rsc_v2	878	K	30	A	stap_none_0	896	875	22	stapSX	stapDX
rT55_rsc_v2	877	K	31	A	stap_none_0	896	875	22	stapSX	stapDX
rT55_rsc_v2	876	K	32	T	stap_none_0	896	875	22	stapSX	stapDX
rT55_rsc_v2	875	K	33	A	stap_stapDX_5	896	875	22	stapSX	stapDX
rT55_rsc_v2	1072	K	34	C	stap_stapDX_3	1072	1062	11	stapDX	stapEND3
rT55_rsc_v2	1071	K	35	C	stap_none_0	1072	1062	11	stapDX	stapEND3
rT55_rsc_v2	1070	K	36	T	stap_none_0	1072	1062	11	stapDX	stapEND3
rT55_rsc_v2	1069	K	37	G	stap_none_0	1072	1062	11	stapDX	stapEND3
rT55_rsc_v2	1068	K	38	C	stap_none_0	1072	1062	11	stapDX	stapEND3
rT55_rsc_v2	1067	K	39	C	stap_none_0	1072	1062	11	stapDX	stapEND3
rT55_rsc_v2	1066	K	40	A	stap_none_0	1072	1062	11	stapDX	stapEND3
rT55_rsc_v2	1065	K	41	T	stap_none_0	1072	1062	11	stapDX	stapEND3
rT55_rsc_v2	1064	K	42	T	stap_none_0	1072	1062	11	stapDX	stapEND3
rT55_rsc_v2	1063	K	43	A	stap_none_0	1072	1062	11	stapDX	stapEND3
rT55_rsc_v2	1062	K	44	G	stap_stapEND3_0	1072	1062	11	stapDX	stapEND3
rT55_rsc_v2	1094	L	1	A	stap_stapSXEND5_0	1094	1082	13	stapSXEND5	vertex
rT55_rsc_v2	1093	L	2	G	stap_none_0	1094	1082	13	stapSXEND5	vertex
rT55_rsc_v2	1092	L	3	T	stap_none_0	1094	1082	13	stapSXEND5	vertex
rT55_rsc_v2	1091	L	4	T	stap_none_0	1094	1082	13	stapSXEND5	vertex
rT55_rsc_v2	1090	L	5	C	stap_none_0	1094	1082	13	stapSXEND5	vertex
rT55_rsc_v2	1089	L	6	C	stap_none_0	1094	1082	13	stapSXEND5	vertex
rT55_rsc_v2	1088	L	7	T	stap_none_0	1094	1082	13	stapSXEND5	vertex
rT55_rsc_v2	1087	L	8	T	stap_none_0	1094	1082	13	stapSXEND5	vertex
rT55_rsc_v2	1086	L	9	C	stap_none_0	1094	1082	13	stapSXEND5	vertex
rT55_rsc_v2	1085	L	10	T	stap_none_0	1094	1082	13	stapSXEND5	vertex
rT55_rsc_v2	1084	L	11	G	stap_none_0	1094	1082	13	stapSXEND5	vertex
rT55_rsc_v2	1083	L	12	T	stap_none_0	1094	1082	13	stapSXEND5	vertex
rT55_rsc_v2	1082	L	13	C	stap_vertex_5	1094	1082	13	stapSXEND5	vertex
rT55_rsc_v2	1321	L	14	T	stap_invertex_0	1321	1325	5	invertex	invertex
rT55_rsc_v2	1322	L	15	T	stap_invertex_0	1321	1325	5	invertex	invertex
rT55_rsc_v2	1323	L	16	T	stap_invertex_0	1321	1325	5	invertex	invertex
rT55_rsc_v2	1324	L	17	T	stap_invertex_0	1321	1325	5	invertex	invertex
rT55_rsc_v2	1325	L	18	T	stap_invertex_0	1321	1325	5	invertex	invertex
rT55_rsc_v2	1081	L	19	C	stap_vertex_3	1081	1073	9	vertex	stapDX
rT55_rsc_v2	1080	L	20	C	stap_none_0	1081	1073	9	vertex	stapDX
rT55_rsc_v2	1079	L	21	T	stap_none_0	1081	1073	9	vertex	stapDX
rT55_rsc_v2	1078	L	22	G	stap_none_0	1081	1073	9	vertex	stapDX
rT55_rsc_v2	1077	L	23	A	stap_none_0	1081	1073	9	vertex	stapDX
rT55_rsc_v2	1076	L	24	G	stap_none_0	1081	1073	9	vertex	stapDX
rT55_rsc_v2	1075	L	25	G	stap_none_0	1081	1073	9	vertex	stapDX
rT55_rsc_v2	1074	L	26	A	stap_none_0	1081	1073	9	vertex	stapDX
rT55_rsc_v2	1073	L	27	G	stap_stapDX_5	1081	1073	9	vertex	stapDX
rT55_rsc_v2	874	L	28	A	stap_stapDX_3	874	862	13	stapDX	vertex
rT55_rsc_v2	873	L	29	A	stap_none_0	874	862	13	stapDX	vertex
rT55_rsc_v2	872	L	30	T	stap_none_0	874	862	13	stapDX	vertex
rT55_rsc_v2	871	L	31	T	stap_none_0	874	862	13	stapDX	vertex
rT55_rsc_v2	870	L	32	T	stap_none_0	874	862	13	stapDX	vertex
rT55_rsc_v2	869	L	33	G	stap_none_0	874	862	13	stapDX	vertex
rT55_rsc_v2	868	L	34	G	stap_none_0	874	862	13	stapDX	vertex
rT55_rsc_v2	867	L	35	C	stap_none_0	874	862	13	stapDX	vertex
rT55_rsc_v2	866	L	36	T	stap_none_0	874	862	13	stapDX	vertex
rT55_rsc_v2	865	L	37	G	stap_none_0	874	862	13	stapDX	vertex
rT55_rsc_v2	864	L	38	T	stap_none_0	874	862	13	stapDX	vertex
rT55_rsc_v2	863	L	39	T	stap_none_0	874	862	13	stapDX	vertex
rT55_rsc_v2	862	L	40	G	stap_vertex_5	874	862	13	stapDX	vertex
rT55_rsc_v2	1326	L	41	T	stap_invertex_0	1326	1330	5	invertex	invertex
rT55_rsc_v2	1327	L	42	T	stap_invertex_0	1326	1330	5	invertex	invertex
rT55_rsc_v2	1328	L	43	T	stap_invertex_0	1326	1330	5	invertex	invertex
rT55_rsc_v2	1329	L	44	T	stap_invertex_0	1326	1330	5	invertex	invertex
rT55_rsc_v2	1330	L	45	T	stap_invertex_0	1326	1330	5	invertex	invertex
rT55_rsc_v2	861	L	46	G	stap_vertex_3	861	853	9	vertex	stapDX
rT55_rsc_v2	860	L	47	T	stap_none_0	861	853	9	vertex	stapDX
rT55_rsc_v2	859	L	48	T	stap_none_0	861	853	9	vertex	stapDX
rT55_rsc_v2	858	L	49	A	stap_none_0	861	853	9	vertex	stapDX
rT55_rsc_v2	857	L	50	A	stap_none_0	861	853	9	vertex	stapDX
rT55_rsc_v2	856	L	51	C	stap_none_0	861	853	9	vertex	stapDX
rT55_rsc_v2	855	L	52	T	stap_none_0	861	853	9	vertex	stapDX
rT55_rsc_v2	854	L	53	C	stap_none_0	861	853	9	vertex	stapDX
rT55_rsc_v2	853	L	54	C	stap_stapDX_5	861	853	9	vertex	stapDX
rT55_rsc_v2	1314	L	55	C	stap_stapDX_3	1314	1302	13	stapDX	vertex
rT55_rsc_v2	1313	L	56	A	stap_none_0	1314	1302	13	stapDX	vertex
rT55_rsc_v2	1312	L	57	C	stap_none_0	1314	1302	13	stapDX	vertex
rT55_rsc_v2	1311	L	58	T	stap_none_0	1314	1302	13	stapDX	vertex
rT55_rsc_v2	1310	L	59	T	stap_none_0	1314	1302	13	stapDX	vertex
rT55_rsc_v2	1309	L	60	C	stap_none_0	1314	1302	13	stapDX	vertex
rT55_rsc_v2	1308	L	61	C	stap_none_0	1314	1302	13	stapDX	vertex
rT55_rsc_v2	1307	L	62	A	stap_none_0	1314	1302	13	stapDX	vertex
rT55_rsc_v2	1306	L	63	T	stap_none_0	1314	1302	13	stapDX	vertex
rT55_rsc_v2	1305	L	64	A	stap_none_0	1314	1302	13	stapDX	vertex
rT55_rsc_v2	1304	L	65	C	stap_none_0	1314	1302	13	stapDX	vertex
rT55_rsc_v2	1303	L	66	C	stap_none_0	1314	1302	13	stapDX	vertex
rT55_rsc_v2	1302	L	67	A	stap_vertex_5	1314	1302	13	stapDX	vertex
rT55_rsc_v2	1331	L	68	T	stap_invertex_0	1331	1335	5	invertex	invertex
rT55_rsc_v2	1332	L	69	T	stap_invertex_0	1331	1335	5	invertex	invertex
rT55_rsc_v2	1333	L	70	T	stap_invertex_0	1331	1335	5	invertex	invertex
rT55_rsc_v2	1334	L	71	T	stap_invertex_0	1331	1335	5	invertex	invertex
rT55_rsc_v2	1335	L	72	T	stap_invertex_0	1331	1335	5	invertex	invertex
rT55_rsc_v2	1301	L	73	G	stap_vertex_3	1301	1293	9	vertex	stapSXEND3
rT55_rsc_v2	1300	L	74	G	stap_none_0	1301	1293	9	vertex	stapSXEND3
rT55_rsc_v2	1299	L	75	T	stap_none_0	1301	1293	9	vertex	stapSXEND3
rT55_rsc_v2	1298	L	76	T	stap_none_0	1301	1293	9	vertex	stapSXEND3
rT55_rsc_v2	1297	L	77	C	stap_none_0	1301	1293	9	vertex	stapSXEND3
rT55_rsc_v2	1296	L	78	T	stap_none_0	1301	1293	9	vertex	stapSXEND3
rT55_rsc_v2	1295	L	79	A	stap_none_0	1301	1293	9	vertex	stapSXEND3
rT55_rsc_v2	1294	L	80	A	stap_none_0	1301	1293	9	vertex	stapSXEND3
rT55_rsc_v2	1293	L	81	T	stap_stapSXEND3_0	1301	1293	9	vertex	stapSXEND3
rT55_rsc_v2	1157	M	1	A	stap_stapEND5_0	1157	1150	8	stapEND5	stapDX
rT55_rsc_v2	1156	M	2	C	stap_none_0	1157	1150	8	stapEND5	stapDX
rT55_rsc_v2	1155	M	3	A	stap_none_0	1157	1150	8	stapEND5	stapDX
rT55_rsc_v2	1154	M	4	A	stap_none_0	1157	1150	8	stapEND5	stapDX
rT55_rsc_v2	1153	M	5	G	stap_none_0	1157	1150	8	stapEND5	stapDX
rT55_rsc_v2	1152	M	6	C	stap_none_0	1157	1150	8	stapEND5	stapDX
rT55_rsc_v2	1151	M	7	C	stap_none_0	1157	1150	8	stapEND5	stapDX
rT55_rsc_v2	1150	M	8	T	stap_stapDX_5	1157	1150	8	stapEND5	stapDX
rT55_rsc_v2	1182	M	9	A	stap_stapDX_3	1182	1164	19	stapDX	scafDX
rT55_rsc_v2	1181	M	10	A	stap_none_0	1182	1164	19	stapDX	scafDX
rT55_rsc_v2	1180	M	11	G	stap_none_0	1182	1164	19	stapDX	scafDX
rT55_rsc_v2	1179	M	12	T	stap_none_0	1182	1164	19	stapDX	scafDX
rT55_rsc_v2	1178	M	13	A	stap_none_0	1182	1164	19	stapDX	scafDX
rT55_rsc_v2	1177	M	14	G	stap_none_0	1182	1164	19	stapDX	scafDX
rT55_rsc_v2	1176	M	15	C	stap_none_0	1182	1164	19	stapDX	scafDX
rT55_rsc_v2	1175	M	16	T	stap_none_0	1182	1164	19	stapDX	scafDX
rT55_rsc_v2	1174	M	17	A	stap_none_0	1182	1164	19	stapDX	scafDX
rT55_rsc_v2	1173	M	18	A	stap_none_0	1182	1164	19	stapDX	scafDX
rT55_rsc_v2	1172	M	19	G	stap_none_0	1182	1164	19	stapDX	scafDX
rT55_rsc_v2	1171	M	20	G	stap_none_0	1182	1164	19	stapDX	scafDX
rT55_rsc_v2	1170	M	21	G	stap_none_0	1182	1164	19	stapDX	scafDX
rT55_rsc_v2	1169	M	22	A	stap_none_0	1182	1164	19	stapDX	scafDX
rT55_rsc_v2	1168	M	23	G	stap_none_0	1182	1164	19	stapDX	scafDX
rT55_rsc_v2	1167	M	24	C	stap_none_0	1182	1164	19	stapDX	scafDX
rT55_rsc_v2	1166	M	25	A	stap_none_0	1182	1164	19	stapDX	scafDX
rT55_rsc_v2	1165	M	26	T	stap_none_0	1182	1164	19	stapDX	scafDX
rT55_rsc_v2	1164	M	27	C	stap_scafDX_5	1182	1164	19	stapDX	scafDX
rT55_rsc_v2	998	M	28	C	stap_scafDX_3	998	993	6	scafDX	stapEND3
rT55_rsc_v2	997	M	29	T	stap_none_0	998	993	6	scafDX	stapEND3
rT55_rsc_v2	996	M	30	T	stap_none_0	998	993	6	scafDX	stapEND3
rT55_rsc_v2	995	M	31	A	stap_none_0	998	993	6	scafDX	stapEND3
rT55_rsc_v2	994	M	32	G	stap_none_0	998	993	6	scafDX	stapEND3
rT55_rsc_v2	993	M	33	T	stap_stapEND3_0	998	993	6	scafDX	stapEND3
rT55_rsc_v2	1204	N	1	C	stap_stapSXEND5_0	1204	1192	13	stapSXEND5	vertex
rT55_rsc_v2	1203	N	2	A	stap_none_0	1204	1192	13	stapSXEND5	vertex
rT55_rsc_v2	1202	N	3	A	stap_none_0	1204	1192	13	stapSXEND5	vertex
rT55_rsc_v2	1201	N	4	C	stap_none_0	1204	1192	13	stapSXEND5	vertex
rT55_rsc_v2	1200	N	5	A	stap_none_0	1204	1192	13	stapSXEND5	vertex
rT55_rsc_v2	1199	N	6	C	stap_none_0	1204	1192	13	stapSXEND5	vertex
rT55_rsc_v2	1198	N	7	T	stap_none_0	1204	1192	13	stapSXEND5	vertex
rT55_rsc_v2	1197	N	8	G	stap_none_0	1204	1192	13	stapSXEND5	vertex
rT55_rsc_v2	1196	N	9	T	stap_none_0	1204	1192	13	stapSXEND5	vertex
rT55_rsc_v2	1195	N	10	G	stap_none_0	1204	1192	13	stapSXEND5	vertex
rT55_rsc_v2	1194	N	11	C	stap_none_0	1204	1192	13	stapSXEND5	vertex
rT55_rsc_v2	1193	N	12	A	stap_none_0	1204	1192	13	stapSXEND5	vertex
rT55_rsc_v2	1192	N	13	T	stap_vertex_5	1204	1192	13	stapSXEND5	vertex
rT55_rsc_v2	1351	N	14	T	stap_invertex_0	1351	1355	5	invertex	invertex
rT55_rsc_v2	1352	N	15	T	stap_invertex_0	1351	1355	5	invertex	invertex
rT55_rsc_v2	1353	N	16	T	stap_invertex_0	1351	1355	5	invertex	invertex
rT55_rsc_v2	1354	N	17	T	stap_invertex_0	1351	1355	5	invertex	invertex
rT55_rsc_v2	1355	N	18	T	stap_invertex_0	1351	1355	5	invertex	invertex
rT55_rsc_v2	1191	N	19	A	stap_vertex_3	1191	1183	9	vertex	stapDX
rT55_rsc_v2	1190	N	20	T	stap_none_0	1191	1183	9	vertex	stapDX
rT55_rsc_v2	1189	N	21	A	stap_none_0	1191	1183	9	vertex	stapDX
rT55_rsc_v2	1188	N	22	C	stap_none_0	1191	1183	9	vertex	stapDX
rT55_rsc_v2	1187	N	23	A	stap_none_0	1191	1183	9	vertex	stapDX
rT55_rsc_v2	1186	N	24	T	stap_none_0	1191	1183	9	vertex	stapDX
rT55_rsc_v2	1185	N	25	C	stap_none_0	1191	1183	9	vertex	stapDX
rT55_rsc_v2	1184	N	26	A	stap_none_0	1191	1183	9	vertex	stapDX
rT55_rsc_v2	1183	N	27	A	stap_stapDX_5	1191	1183	9	vertex	stapDX
rT55_rsc_v2	1149	N	28	C	stap_stapDX_3	1149	1137	13	stapDX	vertex
rT55_rsc_v2	1148	N	29	C	stap_none_0	1149	1137	13	stapDX	vertex
rT55_rsc_v2	1147	N	30	T	stap_none_0	1149	1137	13	stapDX	vertex
rT55_rsc_v2	1146	N	31	C	stap_none_0	1149	1137	13	stapDX	vertex
rT55_rsc_v2	1145	N	32	A	stap_none_0	1149	1137	13	stapDX	vertex
rT55_rsc_v2	1144	N	33	T	stap_none_0	1149	1137	13	stapDX	vertex
rT55_rsc_v2	1143	N	34	A	stap_none_0	1149	1137	13	stapDX	vertex
rT55_rsc_v2	1142	N	35	G	stap_none_0	1149	1137	13	stapDX	vertex
rT55_rsc_v2	1141	N	36	A	stap_none_0	1149	1137	13	stapDX	vertex
rT55_rsc_v2	1140	N	37	T	stap_none_0	1149	1137	13	stapDX	vertex
rT55_rsc_v2	1139	N	38	G	stap_none_0	1149	1137	13	stapDX	vertex
rT55_rsc_v2	1138	N	39	G	stap_none_0	1149	1137	13	stapDX	vertex
rT55_rsc_v2	1137	N	40	G	stap_vertex_5	1149	1137	13	stapDX	vertex
rT55_rsc_v2	1356	N	41	T	stap_invertex_0	1356	1360	5	invertex	invertex
rT55_rsc_v2	1357	N	42	T	stap_invertex_0	1356	1360	5	invertex	invertex
rT55_rsc_v2	1358	N	43	T	stap_invertex_0	1356	1360	5	invertex	invertex
rT55_rsc_v2	1359	N	44	T	stap_invertex_0	1356	1360	5	invertex	invertex
rT55_rsc_v2	1360	N	45	T	stap_invertex_0	1356	1360	5	invertex	invertex
rT55_rsc_v2	1136	N	46	T	stap_vertex_3	1136	1128	9	vertex	stapDX
rT55_rsc_v2	1135	N	47	A	stap_none_0	1136	1128	9	vertex	stapDX
rT55_rsc_v2	1134	N	48	C	stap_none_0	1136	1128	9	vertex	stapDX
rT55_rsc_v2	1133	N	49	C	stap_none_0	1136	1128	9	vertex	stapDX
rT55_rsc_v2	1132	N	50	C	stap_none_0	1136	1128	9	vertex	stapDX
rT55_rsc_v2	1131	N	51	T	stap_none_0	1136	1128	9	vertex	stapDX
rT55_rsc_v2	1130	N	52	A	stap_none_0	1136	1128	9	vertex	stapDX
rT55_rsc_v2	1129	N	53	C	stap_none_0	1136	1128	9	vertex	stapDX
rT55_rsc_v2	1128	N	54	A	stap_stapDX_5	1136	1128	9	vertex	stapDX
rT55_rsc_v2	1259	N	55	G	stap_stapDX_3	1259	1247	13	stapDX	vertex
rT55_rsc_v2	1258	N	56	T	stap_none_0	1259	1247	13	stapDX	vertex
rT55_rsc_v2	1257	N	57	G	stap_none_0	1259	1247	13	stapDX	vertex
rT55_rsc_v2	1256	N	58	G	stap_none_0	1259	1247	13	stapDX	vertex
rT55_rsc_v2	1255	N	59	G	stap_none_0	1259	1247	13	stapDX	vertex
rT55_rsc_v2	1254	N	60	C	stap_none_0	1259	1247	13	stapDX	vertex
rT55_rsc_v2	1253	N	61	C	stap_none_0	1259	1247	13	stapDX	vertex
rT55_rsc_v2	1252	N	62	A	stap_none_0	1259	1247	13	stapDX	vertex
rT55_rsc_v2	1251	N	63	T	stap_none_0	1259	1247	13	stapDX	vertex
rT55_rsc_v2	1250	N	64	G	stap_none_0	1259	1247	13	stapDX	vertex
rT55_rsc_v2	1249	N	65	G	stap_none_0	1259	1247	13	stapDX	vertex
rT55_rsc_v2	1248	N	66	A	stap_none_0	1259	1247	13	stapDX	vertex
rT55_rsc_v2	1247	N	67	C	stap_vertex_5	1259	1247	13	stapDX	vertex
rT55_rsc_v2	1361	N	68	T	stap_invertex_0	1361	1365	5	invertex	invertex
rT55_rsc_v2	1362	N	69	T	stap_invertex_0	1361	1365	5	invertex	invertex
rT55_rsc_v2	1363	N	70	T	stap_invertex_0	1361	1365	5	invertex	invertex
rT55_rsc_v2	1364	N	71	T	stap_invertex_0	1361	1365	5	invertex	invertex
rT55_rsc_v2	1365	N	72	T	stap_invertex_0	1361	1365	5	invertex	invertex
rT55_rsc_v2	1246	N	73	T	stap_vertex_3	1246	1238	9	vertex	stapSXEND3
rT55_rsc_v2	1245	N	74	G	stap_none_0	1246	1238	9	vertex	stapSXEND3
rT55_rsc_v2	1244	N	75	C	stap_none_0	1246	1238	9	vertex	stapSXEND3
rT55_rsc_v2	1243	N	76	A	stap_none_0	1246	1238	9	vertex	stapSXEND3
rT55_rsc_v2	1242	N	77	A	stap_none_0	1246	1238	9	vertex	stapSXEND3
rT55_rsc_v2	1241	N	78	G	stap_none_0	1246	1238	9	vertex	stapSXEND3
rT55_rsc_v2	1240	N	79	A	stap_none_0	1246	1238	9	vertex	stapSXEND3
rT55_rsc_v2	1239	N	80	T	stap_none_0	1246	1238	9	vertex	stapSXEND3
rT55_rsc_v2	1238	N	81	A	stap_stapSXEND3_0	1246	1238	9	vertex	stapSXEND3
rT55_rsc_v2	1212	O	1	T	stap_stapEND5_0	1212	1205	8	stapEND5	stapSX
rT55_rsc_v2	1211	O	2	C	stap_none_0	1212	1205	8	stapEND5	stapSX
rT55_rsc_v2	1210	O	3	C	stap_none_0	1212	1205	8	stapEND5	stapSX
rT55_rsc_v2	1209	O	4	A	stap_none_0	1212	1205	8	stapEND5	stapSX
rT55_rsc_v2	1208	O	5	C	stap_none_0	1212	1205	8	stapEND5	stapSX
rT55_rsc_v2	1207	O	6	T	stap_none_0	1212	1205	8	stapEND5	stapSX
rT55_rsc_v2	1206	O	7	G	stap_none_0	1212	1205	8	stapEND5	stapSX
rT55_rsc_v2	1205	O	8	C	stap_stapSX_5	1212	1205	8	stapEND5	stapSX
rT55_rsc_v2	1237	O	9	G	stap_stapSX_3	1237	1219	19	stapSX	scafDX
rT55_rsc_v2	1236	O	10	C	stap_none_0	1237	1219	19	stapSX	scafDX
rT55_rsc_v2	1235	O	11	C	stap_none_0	1237	1219	19	stapSX	scafDX
rT55_rsc_v2	1234	O	12	A	stap_none_0	1237	1219	19	stapSX	scafDX
rT55_rsc_v2	1233	O	13	T	stap_none_0	1237	1219	19	stapSX	scafDX
rT55_rsc_v2	1232	O	14	A	stap_none_0	1237	1219	19	stapSX	scafDX
rT55_rsc_v2	1231	O	15	T	stap_none_0	1237	1219	19	stapSX	scafDX
rT55_rsc_v2	1230	O	16	G	stap_none_0	1237	1219	19	stapSX	scafDX
rT55_rsc_v2	1229	O	17	A	stap_none_0	1237	1219	19	stapSX	scafDX
rT55_rsc_v2	1228	O	18	A	stap_none_0	1237	1219	19	stapSX	scafDX
rT55_rsc_v2	1227	O	19	T	stap_none_0	1237	1219	19	stapSX	scafDX
rT55_rsc_v2	1226	O	20	T	stap_none_0	1237	1219	19	stapSX	scafDX
rT55_rsc_v2	1225	O	21	G	stap_none_0	1237	1219	19	stapSX	scafDX
rT55_rsc_v2	1224	O	22	C	stap_none_0	1237	1219	19	stapSX	scafDX
rT55_rsc_v2	1223	O	23	A	stap_none_0	1237	1219	19	stapSX	scafDX
rT55_rsc_v2	1222	O	24	T	stap_none_0	1237	1219	19	stapSX	scafDX
rT55_rsc_v2	1221	O	25	G	stap_none_0	1237	1219	19	stapSX	scafDX
rT55_rsc_v2	1220	O	26	G	stap_none_0	1237	1219	19	stapSX	scafDX
rT55_rsc_v2	1219	O	27	A	stap_scafDX_5	1237	1219	19	stapSX	scafDX
rT55_rsc_v2	723	O	28	C	stap_scafDX_3	723	718	6	scafDX	stapEND3
rT55_rsc_v2	722	O	29	C	stap_none_0	723	718	6	scafDX	stapEND3
rT55_rsc_v2	721	O	30	T	stap_none_0	723	718	6	scafDX	stapEND3
rT55_rsc_v2	720	O	31	A	stap_none_0	723	718	6	scafDX	stapEND3
rT55_rsc_v2	719	O	32	G	stap_none_0	723	718	6	scafDX	stapEND3
rT55_rsc_v2	718	O	33	G	stap_stapEND3_0	723	718	6	scafDX	stapEND3
rT55_rsc_v2	1270	P	1	T	stap_stapSXEND5_0	1270	1260	11	stapSXEND5	stapDX
rT55_rsc_v2	1269	P	2	G	stap_none_0	1270	1260	11	stapSXEND5	stapDX
rT55_rsc_v2	1268	P	3	A	stap_none_0	1270	1260	11	stapSXEND5	stapDX
rT55_rsc_v2	1267	P	4	A	stap_none_0	1270	1260	11	stapSXEND5	stapDX
rT55_rsc_v2	1266	P	5	G	stap_none_0	1270	1260	11	stapSXEND5	stapDX
rT55_rsc_v2	1265	P	6	T	stap_none_0	1270	1260	11	stapSXEND5	stapDX
rT55_rsc_v2	1264	P	7	C	stap_none_0	1270	1260	11	stapSXEND5	stapDX
rT55_rsc_v2	1263	P	8	T	stap_none_0	1270	1260	11	stapSXEND5	stapDX
rT55_rsc_v2	1262	P	9	G	stap_none_0	1270	1260	11	stapSXEND5	stapDX
rT55_rsc_v2	1261	P	10	G	stap_none_0	1270	1260	11	stapSXEND5	stapDX
rT55_rsc_v2	1260	P	11	G	stap_stapDX_5	1270	1260	11	stapSXEND5	stapDX
rT55_rsc_v2	1127	P	12	G	stap_stapDX_3	1127	1117	11	stapDX	stapSXEND3
rT55_rsc_v2	1126	P	13	C	stap_none_0	1127	1117	11	stapDX	stapSXEND3
rT55_rsc_v2	1125	P	14	A	stap_none_0	1127	1117	11	stapDX	stapSXEND3
rT55_rsc_v2	1124	P	15	A	stap_none_0	1127	1117	11	stapDX	stapSXEND3
rT55_rsc_v2	1123	P	16	G	stap_none_0	1127	1117	11	stapDX	stapSXEND3
rT55_rsc_v2	1122	P	17	C	stap_none_0	1127	1117	11	stapDX	stapSXEND3
rT55_rsc_v2	1121	P	18	C	stap_none_0	1127	1117	11	stapDX	stapSXEND3
rT55_rsc_v2	1120	P	19	C	stap_none_0	1127	1117	11	stapDX	stapSXEND3
rT55_rsc_v2	1119	P	20	A	stap_none_0	1127	1117	11	stapDX	stapSXEND3
rT55_rsc_v2	1118	P	21	A	stap_none_0	1127	1117	11	stapDX	stapSXEND3
rT55_rsc_v2	1117	P	22	C	stap_stapSXEND3_0	1127	1117	11	stapDX	stapSXEND3
rT55_rsc_v2	1281	Q	1	C	stap_stapEND5_0	1281	1271	11	stapEND5	stapSX
rT55_rsc_v2	1280	Q	2	A	stap_none_0	1281	1271	11	stapEND5	stapSX
rT55_rsc_v2	1279	Q	3	G	stap_none_0	1281	1271	11	stapEND5	stapSX
rT55_rsc_v2	1278	Q	4	G	stap_none_0	1281	1271	11	stapEND5	stapSX
rT55_rsc_v2	1277	Q	5	G	stap_none_0	1281	1271	11	stapEND5	stapSX
rT55_rsc_v2	1276	Q	6	C	stap_none_0	1281	1271	11	stapEND5	stapSX
rT55_rsc_v2	1275	Q	7	A	stap_none_0	1281	1271	11	stapEND5	stapSX
rT55_rsc_v2	1274	Q	8	G	stap_none_0	1281	1271	11	stapEND5	stapSX
rT55_rsc_v2	1273	Q	9	C	stap_none_0	1281	1271	11	stapEND5	stapSX
rT55_rsc_v2	1272	Q	10	A	stap_none_0	1281	1271	11	stapEND5	stapSX
rT55_rsc_v2	1271	Q	11	A	stap_stapSX_5	1281	1271	11	stapEND5	stapSX
rT55_rsc_v2	1116	Q	12	A	stap_stapSX_3	1116	1095	22	stapSX	stapSX
rT55_rsc_v2	1115	Q	13	A	stap_none_0	1116	1095	22	stapSX	stapSX
rT55_rsc_v2	1114	Q	14	C	stap_none_0	1116	1095	22	stapSX	stapSX
rT55_rsc_v2	1113	Q	15	A	stap_none_0	1116	1095	22	stapSX	stapSX
rT55_rsc_v2	1112	Q	16	T	stap_none_0	1116	1095	22	stapSX	stapSX
rT55_rsc_v2	1111	Q	17	T	stap_none_0	1116	1095	22	stapSX	stapSX
rT55_rsc_v2	1110	Q	18	A	stap_none_0	1116	1095	22	stapSX	stapSX
rT55_rsc_v2	1109	Q	19	G	stap_none_0	1116	1095	22	stapSX	stapSX
rT55_rsc_v2	1108	Q	20	A	stap_none_0	1116	1095	22	stapSX	stapSX
rT55_rsc_v2	1107	Q	21	T	stap_none_0	1116	1095	22	stapSX	stapSX
rT55_rsc_v2	1106	Q	22	A	stap_none_0	1116	1095	22	stapSX	stapSX
rT55_rsc_v2	1105	Q	23	T	stap_none_0	1116	1095	22	stapSX	stapSX
rT55_rsc_v2	1104	Q	24	G	stap_none_0	1116	1095	22	stapSX	stapSX
rT55_rsc_v2	1103	Q	25	G	stap_none_0	1116	1095	22	stapSX	stapSX
rT55_rsc_v2	1102	Q	26	G	stap_none_0	1116	1095	22	stapSX	stapSX
rT55_rsc_v2	1101	Q	27	G	stap_none_0	1116	1095	22	stapSX	stapSX
rT55_rsc_v2	1100	Q	28	T	stap_none_0	1116	1095	22	stapSX	stapSX
rT55_rsc_v2	1099	Q	29	T	stap_none_0	1116	1095	22	stapSX	stapSX
rT55_rsc_v2	1098	Q	30	G	stap_none_0	1116	1095	22	stapSX	stapSX
rT55_rsc_v2	1097	Q	31	G	stap_none_0	1116	1095	22	stapSX	stapSX
rT55_rsc_v2	1096	Q	32	C	stap_none_0	1116	1095	22	stapSX	stapSX
rT55_rsc_v2	1095	Q	33	C	stap_stapSX_5	1116	1095	22	stapSX	stapSX
rT55_rsc_v2	1292	Q	34	G	stap_stapSX_3	1292	1282	11	stapSX	stapEND3
rT55_rsc_v2	1291	Q	35	A	stap_none_0	1292	1282	11	stapSX	stapEND3
rT55_rsc_v2	1290	Q	36	A	stap_none_0	1292	1282	11	stapSX	stapEND3
rT55_rsc_v2	1289	Q	37	T	stap_none_0	1292	1282	11	stapSX	stapEND3
rT55_rsc_v2	1288	Q	38	G	stap_none_0	1292	1282	11	stapSX	stapEND3
rT55_rsc_v2	1287	Q	39	G	stap_none_0	1292	1282	11	stapSX	stapEND3
rT55_rsc_v2	1286	Q	40	T	stap_none_0	1292	1282	11	stapSX	stapEND3
rT55_rsc_v2	1285	Q	41	G	stap_none_0	1292	1282	11	stapSX	stapEND3
rT55_rsc_v2	1284	Q	42	T	stap_none_0	1292	1282	11	stapSX	stapEND3
rT55_rsc_v2	1283	Q	43	C	stap_none_0	1292	1282	11	stapSX	stapEND3
rT55_rsc_v2	1282	Q	44	A	stap_stapEND3_0	1292	1282	11	stapSX	stapEND3
